model,outer_fold,threshold,inner_f1,inner_precision,inner_recall,inner_balanced_accuracy
logistic_regression,0,0.05,0.3585237258347979,0.22666666666666666,0.8571428571428571,0.8110832449117391
logistic_regression,0,0.06,0.39215686274509803,0.2557544757033248,0.8403361344537815,0.8219236377873229
logistic_regression,0,0.07,0.4192872117400419,0.27932960893854747,0.8403361344537815,0.8330647586516038
logistic_regression,0,0.08,0.42696629213483145,0.29141104294478526,0.7983193277310925,0.82117181781558
logistic_regression,0,0.09,0.4423529411764706,0.30718954248366015,0.7899159663865546,0.8233847218833515
logistic_regression,0,0.1,0.458128078817734,0.3240418118466899,0.7815126050420168,0.8252600162279632
logistic_regression,0,0.11,0.4816753926701571,0.34980988593155893,0.773109243697479,0.8288233591883749
logistic_regression,0,0.12,0.4945054945054945,0.3673469387755102,0.7563025210084033,0.8258217534143975
logistic_regression,0,0.13,0.5028248587570622,0.37872340425531914,0.7478991596638656,0.8246585602505688
logistic_regression,0,0.14,0.5102639296187683,0.3918918918918919,0.7310924369747899,0.8199689058607913
logistic_regression,0,0.15,0.5272727272727272,0.41232227488151657,0.7310924369747899,0.8236826128155517
logistic_regression,0,0.16,0.5386996904024768,0.4264705882352941,0.7310924369747899,0.8260458808776718
logistic_regression,0,0.17,0.5548387096774193,0.450261780104712,0.7226890756302521,0.8258955168833232
logistic_regression,0,0.18,0.5676567656765676,0.4673913043478261,0.7226890756302521,0.8282587849454435
logistic_regression,0,0.19,0.5655172413793104,0.47953216374269003,0.6890756302521008,0.8144905497648081
logistic_regression,0,0.2,0.5673758865248227,0.49079754601226994,0.6722689075630253,0.8081128467592305
logistic_regression,0,0.21,0.5682656826568265,0.506578947368421,0.6470588235294118,0.7982086825277039
logistic_regression,0,0.22,0.5811320754716981,0.5273972602739726,0.6470588235294118,0.8002343408666641
logistic_regression,0,0.23,0.5758754863813229,0.5362318840579711,0.6218487394957983,0.7893173474656574
logistic_regression,0,0.24,0.5783132530120482,0.5538461538461539,0.6050420168067226,0.7829396444600798
logistic_regression,0,0.25,0.5702479338842975,0.5609756097560976,0.5798319327731093,0.7716850413359132
logistic_regression,0,0.26,0.5714285714285714,0.5714285714285714,0.5714285714285714,0.7684961898331244
logistic_regression,0,0.27,0.5787234042553191,0.5862068965517241,0.5714285714285714,0.7695090190026044
logistic_regression,0,0.28,0.591304347826087,0.6126126126126126,0.5714285714285714,0.7711970676184046
logistic_regression,0,0.29,0.5903083700440529,0.6203703703703703,0.5630252100840336,0.7676706063924557
logistic_regression,0,0.3,0.600896860986547,0.6442307692307693,0.5630252100840336,0.7690210452850959
logistic_regression,0,0.31,0.5972850678733032,0.6470588235294118,0.5546218487394958,0.765156974335987
logistic_regression,0,0.32,0.5871559633027523,0.6464646464646465,0.5378151260504201,0.7570912227146092
logistic_regression,0,0.33,0.5953488372093023,0.6666666666666666,0.5378151260504201,0.7581040518840891
logistic_regression,0,0.34,0.580952380952381,0.6703296703296703,0.5126050420168067,0.7461742293136026
logistic_regression,0,0.35,0.5922330097087378,0.7011494252873564,0.5126050420168067,0.7475246682062426
logistic_regression,0,0.36,0.5742574257425742,0.6987951807228916,0.48739495798319327,0.735257235912596
logistic_regression,0,0.37,0.58,0.7160493827160493,0.48739495798319327,0.735932455358916
logistic_regression,0,0.38,0.5757575757575758,0.7215189873417721,0.4789915966386555,0.7320683844098071
logistic_regression,0,0.39,0.5757575757575758,0.7215189873417721,0.4789915966386555,0.7320683844098071
logistic_regression,0,0.4,0.5786802030456852,0.7307692307692307,0.4789915966386555,0.7324059941329671
logistic_regression,0,0.41,0.5729166666666666,0.7534246575342466,0.46218487394957986,0.7250154619579094
logistic_regression,0,0.42,0.5714285714285714,0.7714285714285715,0.453781512605042,0.7214890007319605
logistic_regression,0,0.43,0.5775401069518716,0.7941176470588235,0.453781512605042,0.7221642201782806
logistic_regression,0,0.44,0.5621621621621622,0.7878787878787878,0.4369747899159664,0.7137608588337427
logistic_regression,0,0.45,0.5621621621621622,0.7878787878787878,0.4369747899159664,0.7137608588337427
logistic_regression,0,0.46,0.5621621621621622,0.7878787878787878,0.4369747899159664,0.7137608588337427
logistic_regression,0,0.47,0.5543478260869565,0.7846153846153846,0.42857142857142855,0.7095591781614738
logistic_regression,0,0.48,0.5543478260869565,0.7846153846153846,0.42857142857142855,0.7095591781614738
logistic_regression,0,0.49,0.5494505494505495,0.7936507936507936,0.42016806722689076,0.7056951072123651
logistic_regression,0,0.5,0.5524861878453039,0.8064516129032258,0.42016806722689076,0.706032716935525
logistic_regression,0,0.51,0.5444444444444444,0.8032786885245902,0.4117647058823529,0.7018310362632562
logistic_regression,0,0.52,0.5444444444444444,0.8032786885245902,0.4117647058823529,0.7018310362632562
logistic_regression,0,0.53,0.547486033519553,0.8166666666666667,0.4117647058823529,0.7021686459864162
logistic_regression,0,0.54,0.5485714285714286,0.8571428571428571,0.40336134453781514,0.6989797944836273
logistic_regression,0,0.55,0.5485714285714286,0.8571428571428571,0.40336134453781514,0.6989797944836273
logistic_regression,0,0.56,0.5433526011560693,0.8703703703703703,0.3949579831932773,0.6951157235345184
logistic_regression,0,0.57,0.5497076023391813,0.9038461538461539,0.3949579831932773,0.6957909429808385
logistic_regression,0,0.58,0.5497076023391813,0.9038461538461539,0.3949579831932773,0.6957909429808385
logistic_regression,0,0.59,0.5497076023391813,0.9038461538461539,0.3949579831932773,0.6957909429808385
logistic_regression,0,0.6,0.5497076023391813,0.9038461538461539,0.3949579831932773,0.6957909429808385
logistic_regression,0,0.61,0.5325443786982249,0.9,0.37815126050420167,0.6873875816363006
logistic_regression,0,0.62,0.5357142857142857,0.9183673469387755,0.37815126050420167,0.6877251913594608
logistic_regression,0,0.63,0.5180722891566265,0.9148936170212766,0.36134453781512604,0.679321830014923
logistic_regression,0,0.64,0.5180722891566265,0.9148936170212766,0.36134453781512604,0.679321830014923
logistic_regression,0,0.65,0.509090909090909,0.9130434782608695,0.35294117647058826,0.6751201493426541
logistic_regression,0,0.66,0.509090909090909,0.9130434782608695,0.35294117647058826,0.6751201493426541
logistic_regression,0,0.67,0.49382716049382713,0.9302325581395349,0.33613445378151263,0.6670543977212762
logistic_regression,0,0.68,0.484472049689441,0.9285714285714286,0.3277310924369748,0.6628527170490073
logistic_regression,0,0.69,0.475,0.926829268292683,0.31932773109243695,0.6586510363767384
logistic_regression,0,0.7,0.46540880503144655,0.925,0.31092436974789917,0.6544493557044695
logistic_regression,0,0.71,0.445859872611465,0.9210526315789473,0.29411764705882354,0.6460459943599317
logistic_regression,0,0.72,0.445859872611465,0.9210526315789473,0.29411764705882354,0.6460459943599317
logistic_regression,0,0.73,0.445859872611465,0.9210526315789473,0.29411764705882354,0.6460459943599317
logistic_regression,0,0.74,0.4155844155844156,0.9142857142857143,0.2689075630252101,0.6334409523431249
logistic_regression,0,0.75,0.39473684210526316,0.9090909090909091,0.25210084033613445,0.6250375909985871
logistic_regression,0,0.76,0.37333333333333335,0.9032258064516129,0.23529411764705882,0.6166342296540493
logistic_regression,0,0.77,0.37333333333333335,0.9032258064516129,0.23529411764705882,0.6166342296540493
logistic_regression,0,0.78,0.37333333333333335,0.9032258064516129,0.23529411764705882,0.6166342296540493
logistic_regression,0,0.79,0.35135135135135137,0.896551724137931,0.2184873949579832,0.6082308683095115
logistic_regression,0,0.8,0.3310344827586207,0.9230769230769231,0.20168067226890757,0.6001651166881338
logistic_regression,0,0.81,0.3076923076923077,0.9166666666666666,0.18487394957983194,0.5917617553435959
logistic_regression,0,0.82,0.3076923076923077,0.9166666666666666,0.18487394957983194,0.5917617553435959
logistic_regression,0,0.83,0.29577464788732394,0.9130434782608695,0.17647058823529413,0.587560074671327
logistic_regression,0,0.84,0.28368794326241137,0.9090909090909091,0.16806722689075632,0.5833583939990581
logistic_regression,0,0.85,0.2733812949640288,0.95,0.15966386554621848,0.5794943230499492
logistic_regression,0,0.86,0.25,1.0,0.14285714285714285,0.5714285714285714
logistic_regression,0,0.87,0.25,1.0,0.14285714285714285,0.5714285714285714
logistic_regression,0,0.88,0.21052631578947367,1.0,0.11764705882352941,0.5588235294117647
logistic_regression,0,0.89,0.19696969696969696,1.0,0.1092436974789916,0.5546218487394958
logistic_regression,0,0.9,0.16923076923076924,1.0,0.09243697478991597,0.546218487394958
logistic_regression,0,0.91,0.16923076923076924,1.0,0.09243697478991597,0.546218487394958
logistic_regression,0,0.92,0.15503875968992248,1.0,0.08403361344537816,0.542016806722689
logistic_regression,0,0.93,0.15503875968992248,1.0,0.08403361344537816,0.542016806722689
logistic_regression,0,0.94,0.140625,1.0,0.07563025210084033,0.5378151260504201
logistic_regression,0,0.95,0.140625,1.0,0.07563025210084033,0.5378151260504201
linear_svc,0,0.05,0.3366013071895425,0.20892494929006086,0.865546218487395,0.801105317211287
linear_svc,0,0.06,0.37294332723948814,0.2383177570093458,0.8571428571428571,0.8185106588212597
linear_svc,0,0.07,0.4089068825910931,0.2693333333333333,0.8487394957983193,0.8318646837533122
linear_svc,0,0.08,0.41125541125541126,0.27696793002915454,0.7983193277310925,0.8154324525218595
linear_svc,0,0.09,0.4387990762124711,0.30254777070063693,0.7983193277310925,0.8252231344935004
linear_svc,0,0.1,0.45255474452554745,0.3184931506849315,0.7815126050420168,0.823571967612163
linear_svc,0,0.11,0.4869109947643979,0.35361216730038025,0.7815126050420168,0.8333626495838038
linear_svc,0,0.12,0.5027027027027027,0.3705179282868526,0.7815126050420168,0.8374139662617242
linear_svc,0,0.13,0.5098039215686274,0.38235294117647056,0.7647058823529411,0.8327243118719465
linear_svc,0,0.14,0.5161290322580645,0.3963963963963964,0.7394957983193278,0.8245081962562202
linear_svc,0,0.15,0.5301204819277109,0.4131455399061033,0.7394957983193278,0.8275466837646606
linear_svc,0,0.16,0.54375,0.43283582089552236,0.7310924369747899,0.8270587100471518
linear_svc,0,0.17,0.5490196078431373,0.44919786096256686,0.7058823529411765,0.8181673749851055
linear_svc,0,0.18,0.5674740484429066,0.4823529411764706,0.6890756302521008,0.814828159487968
linear_svc,0,0.19,0.5571428571428572,0.484472049689441,0.6554621848739496,0.7997094854146926
linear_svc,0,0.2,0.5608856088560885,0.5,0.6386554621848739,0.7936693921322748
linear_svc,0,0.21,0.5648854961832062,0.5174825174825175,0.6218487394957983,0.7876292988498573
linear_svc,0,0.22,0.5658914728682171,0.5251798561151079,0.6134453781512605,0.7844404473470685
linear_svc,0,0.23,0.5587044534412956,0.5390625,0.5798319327731093,0.7699969927201131
linear_svc,0,0.24,0.5596707818930041,0.5483870967741935,0.5714285714285714,0.7668081412173242
linear_svc,0,0.25,0.5714285714285714,0.5714285714285714,0.5714285714285714,0.7684961898331244
linear_svc,0,0.26,0.5836909871244635,0.5964912280701754,0.5714285714285714,0.7701842384489245
linear_svc,0,0.27,0.5814977973568282,0.6111111111111112,0.5546218487394958,0.7631313159970268
linear_svc,0,0.28,0.5866666666666667,0.6226415094339622,0.5546218487394958,0.7638065354433468
linear_svc,0,0.29,0.5919282511210763,0.6346153846153846,0.5546218487394958,0.764481754889667
linear_svc,0,0.3,0.593607305936073,0.65,0.5462184873949579,0.761292903386878
linear_svc,0,0.31,0.5953488372093023,0.6666666666666666,0.5378151260504201,0.7581040518840891
linear_svc,0,0.32,0.5961538461538461,0.6966292134831461,0.5210084033613446,0.7513887391553515
linear_svc,0,0.33,0.5853658536585366,0.6976744186046512,0.5042016806722689,0.7433229875339737
linear_svc,0,0.34,0.5841584158415841,0.7108433734939759,0.4957983193277311,0.7397965263080248
linear_svc,0,0.35,0.5858585858585859,0.7341772151898734,0.48739495798319327,0.736607674805236
linear_svc,0,0.36,0.5948717948717949,0.7631578947368421,0.48739495798319327,0.7376205039747161
linear_svc,0,0.37,0.5948717948717949,0.7631578947368421,0.48739495798319327,0.7376205039747161
linear_svc,0,0.38,0.5906735751295337,0.7702702702702703,0.4789915966386555,0.7337564330256073
linear_svc,0,0.39,0.5714285714285714,0.7714285714285715,0.453781512605042,0.7214890007319605
linear_svc,0,0.4,0.5638297872340425,0.7681159420289855,0.44537815126050423,0.7172873200596916
linear_svc,0,0.41,0.5591397849462365,0.7761194029850746,0.4369747899159664,0.7134232491105827
linear_svc,0,0.42,0.5543478260869565,0.7846153846153846,0.42857142857142855,0.7095591781614738
linear_svc,0,0.43,0.546448087431694,0.78125,0.42016806722689076,0.705357497489205
linear_svc,0,0.44,0.546448087431694,0.78125,0.42016806722689076,0.705357497489205
linear_svc,0,0.45,0.5414364640883977,0.7903225806451613,0.4117647058823529,0.701493426540096
linear_svc,0,0.46,0.5414364640883977,0.7903225806451613,0.4117647058823529,0.701493426540096
linear_svc,0,0.47,0.5414364640883977,0.7903225806451613,0.4117647058823529,0.701493426540096
linear_svc,0,0.48,0.5393258426966292,0.8135593220338984,0.40336134453781514,0.6979669653141473
linear_svc,0,0.49,0.5423728813559322,0.8275862068965517,0.40336134453781514,0.6983045750373074
linear_svc,0,0.5,0.5485714285714286,0.8571428571428571,0.40336134453781514,0.6989797944836273
linear_svc,0,0.51,0.5433526011560693,0.8703703703703703,0.3949579831932773,0.6951157235345184
linear_svc,0,0.52,0.5348837209302325,0.8679245283018868,0.3865546218487395,0.6909140428622496
linear_svc,0,0.53,0.5380116959064327,0.8846153846153846,0.3865546218487395,0.6912516525854095
linear_svc,0,0.54,0.5411764705882353,0.9019607843137255,0.3865546218487395,0.6915892623085697
linear_svc,0,0.55,0.5325443786982249,0.9,0.37815126050420167,0.6873875816363006
linear_svc,0,0.56,0.5269461077844312,0.9166666666666666,0.3697478991596639,0.6835235106871919
linear_svc,0,0.57,0.5180722891566265,0.9148936170212766,0.36134453781512604,0.679321830014923
linear_svc,0,0.58,0.5180722891566265,0.9148936170212766,0.36134453781512604,0.679321830014923
linear_svc,0,0.59,0.509090909090909,0.9130434782608695,0.35294117647058826,0.6751201493426541
linear_svc,0,0.6,0.509090909090909,0.9130434782608695,0.35294117647058826,0.6751201493426541
linear_svc,0,0.61,0.48148148148148145,0.9069767441860465,0.3277310924369748,0.6625151073258473
linear_svc,0,0.62,0.4720496894409938,0.9047619047619048,0.31932773109243695,0.6583134266535784
linear_svc,0,0.63,0.46540880503144655,0.925,0.31092436974789917,0.6544493557044695
linear_svc,0,0.64,0.445859872611465,0.9210526315789473,0.29411764705882354,0.6460459943599317
linear_svc,0,0.65,0.445859872611465,0.9210526315789473,0.29411764705882354,0.6460459943599317
linear_svc,0,0.66,0.4155844155844156,0.9142857142857143,0.2689075630252101,0.6334409523431249
linear_svc,0,0.67,0.4155844155844156,0.9142857142857143,0.2689075630252101,0.6334409523431249
linear_svc,0,0.68,0.4155844155844156,0.9142857142857143,0.2689075630252101,0.6334409523431249
linear_svc,0,0.69,0.3841059602649007,0.90625,0.24369747899159663,0.6208359103263182
linear_svc,0,0.7,0.37333333333333335,0.9032258064516129,0.23529411764705882,0.6166342296540493
linear_svc,0,0.71,0.37333333333333335,0.9032258064516129,0.23529411764705882,0.6166342296540493
linear_svc,0,0.72,0.36486486486486486,0.9310344827586207,0.226890756302521,0.6127701587049404
linear_svc,0,0.73,0.35374149659863946,0.9285714285714286,0.2184873949579832,0.6085684780326716
linear_svc,0,0.74,0.3424657534246575,0.9259259259259259,0.21008403361344538,0.6043667973604027
linear_svc,0,0.75,0.3310344827586207,0.9230769230769231,0.20168067226890757,0.6001651166881338
linear_svc,0,0.76,0.28368794326241137,0.9090909090909091,0.16806722689075632,0.5833583939990581
linear_svc,0,0.77,0.28368794326241137,0.9090909090909091,0.16806722689075632,0.5833583939990581
linear_svc,0,0.78,0.2589928057553957,0.9,0.15126050420168066,0.5749550326545203
linear_svc,0,0.79,0.2608695652173913,0.9473684210526315,0.15126050420168066,0.5752926423776803
linear_svc,0,0.8,0.24817518248175183,0.9444444444444444,0.14285714285714285,0.5710909617054114
linear_svc,0,0.81,0.24817518248175183,0.9444444444444444,0.14285714285714285,0.5710909617054114
linear_svc,0,0.82,0.24817518248175183,0.9444444444444444,0.14285714285714285,0.5710909617054114
linear_svc,0,0.83,0.2222222222222222,0.9375,0.12605042016806722,0.5626876003608736
linear_svc,0,0.84,0.19548872180451127,0.9285714285714286,0.1092436974789916,0.5542842390163357
linear_svc,0,0.85,0.183206106870229,1.0,0.10084033613445378,0.5504201680672269
linear_svc,0,0.86,0.183206106870229,1.0,0.10084033613445378,0.5504201680672269
linear_svc,0,0.87,0.183206106870229,1.0,0.10084033613445378,0.5504201680672269
linear_svc,0,0.88,0.16923076923076924,1.0,0.09243697478991597,0.546218487394958
linear_svc,0,0.89,0.15503875968992248,1.0,0.08403361344537816,0.542016806722689
linear_svc,0,0.9,0.15503875968992248,1.0,0.08403361344537816,0.542016806722689
linear_svc,0,0.91,0.140625,1.0,0.07563025210084033,0.5378151260504201
linear_svc,0,0.92,0.12598425196850394,1.0,0.06722689075630252,0.5336134453781513
linear_svc,0,0.93,0.08064516129032258,1.0,0.04201680672268908,0.5210084033613446
linear_svc,0,0.94,0.06504065040650407,1.0,0.03361344537815126,0.5168067226890757
linear_svc,0,0.95,0.06504065040650407,1.0,0.03361344537815126,0.5168067226890757
logistic_regression,1,0.05,0.3289036544850498,0.20496894409937888,0.8319327731092437,0.7863242528611716
logistic_regression,1,0.06,0.3559633027522936,0.22769953051643194,0.8151260504201681,0.7964894262904352
logistic_regression,1,0.07,0.3784860557768924,0.24804177545691905,0.7983193277310925,0.8019280635954584
logistic_regression,1,0.08,0.39651416122004357,0.2676470588235294,0.7647058823529411,0.7982881201096239
logistic_regression,1,0.09,0.4158878504672897,0.28802588996763756,0.7478991596638656,0.7996754407367268
logistic_regression,1,0.1,0.4405940594059406,0.312280701754386,0.7478991596638656,0.8077780740925675
logistic_regression,1,0.11,0.4583333333333333,0.3320754716981132,0.7394957983193278,0.8099909781603392
logistic_regression,1,0.12,0.47619047619047616,0.35714285714285715,0.7142857142857143,0.805488569499373
logistic_regression,1,0.13,0.48695652173913045,0.37168141592920356,0.7058823529411765,0.8050005957818644
logistic_regression,1,0.14,0.49700598802395207,0.386046511627907,0.6974789915966386,0.8041750123411957
logistic_regression,1,0.15,0.5203761755485894,0.415,0.6974789915966386,0.8092391581885962
logistic_regression,1,0.16,0.5159235668789809,0.4153846153846154,0.680672268907563,0.8018486260135385
logistic_regression,1,0.17,0.5231788079470199,0.43169398907103823,0.6638655462184874,0.7968213619006008
logistic_regression,1,0.18,0.5220338983050847,0.4375,0.6470588235294118,0.7901060491718632
logistic_regression,1,0.19,0.5310344827586206,0.4502923976608187,0.6470588235294118,0.7917940977876634
logistic_regression,1,0.2,0.5371024734982333,0.4634146341463415,0.6386554621848739,0.7896180754543546
logistic_regression,1,0.21,0.5415162454873647,0.47468354430379744,0.6302521008403361,0.7871044433978858
logistic_regression,1,0.22,0.5535055350553506,0.4934210526315789,0.6302521008403361,0.789130101736846
logistic_regression,1,0.23,0.5363984674329502,0.49295774647887325,0.5882352941176471,0.7698097469913017
logistic_regression,1,0.24,0.5447470817120622,0.5072463768115942,0.5882352941176471,0.7711601858839416
logistic_regression,1,0.25,0.549800796812749,0.5227272727272727,0.5798319327731093,0.7686465538274729
logistic_regression,1,0.26,0.5596707818930041,0.5483870967741935,0.5714285714285714,0.7668081412173242
logistic_regression,1,0.27,0.5462184873949579,0.5462184873949579,0.5462184873949579,0.7548783186468375
logistic_regression,1,0.28,0.5446808510638298,0.5517241379310345,0.5378151260504201,0.7513518574208886
logistic_regression,1,0.29,0.5502183406113537,0.5727272727272728,0.5294117647058824,0.7488382253644199
logistic_regression,1,0.3,0.5422222222222223,0.5754716981132075,0.5126050420168067,0.7411100834662021
logistic_regression,1,0.31,0.5272727272727272,0.5742574257425742,0.48739495798319327,0.7291802608957155
logistic_regression,1,0.32,0.5253456221198156,0.5816326530612245,0.4789915966386555,0.7256537996697666
logistic_regression,1,0.33,0.5352112676056338,0.6063829787234043,0.4789915966386555,0.7270042385624067
logistic_regression,1,0.34,0.5333333333333333,0.6153846153846154,0.47058823529411764,0.7234777773364578
logistic_regression,1,0.35,0.5410628019323671,0.6363636363636364,0.47058823529411764,0.724490606505938
logistic_regression,1,0.36,0.5544554455445545,0.6746987951807228,0.47058823529411764,0.7261786551217381
logistic_regression,1,0.37,0.54,0.6666666666666666,0.453781512605042,0.7177752937772003
logistic_regression,1,0.38,0.5279187817258884,0.6666666666666666,0.4369747899159664,0.7097095421558225
logistic_regression,1,0.39,0.5,0.6575342465753424,0.40336134453781514,0.6932404291899069
logistic_regression,1,0.4,0.5081081081081081,0.7121212121212122,0.3949579831932773,0.6910644068565981
logistic_regression,1,0.41,0.5081081081081081,0.7121212121212122,0.3949579831932773,0.6910644068565981
logistic_regression,1,0.42,0.5081081081081081,0.7121212121212122,0.3949579831932773,0.6910644068565981
logistic_regression,1,0.43,0.5081081081081081,0.7121212121212122,0.3949579831932773,0.6910644068565981
logistic_regression,1,0.44,0.5081081081081081,0.7121212121212122,0.3949579831932773,0.6910644068565981
logistic_regression,1,0.45,0.5,0.7076923076923077,0.3865546218487395,0.6868627261843292
logistic_regression,1,0.46,0.4835164835164835,0.6984126984126984,0.3697478991596639,0.6784593648397914
logistic_regression,1,0.47,0.47513812154696133,0.6935483870967742,0.36134453781512604,0.6742576841675225
logistic_regression,1,0.48,0.4692737430167598,0.7,0.35294117647058826,0.6703936132184136
logistic_regression,1,0.49,0.47191011235955055,0.711864406779661,0.35294117647058826,0.6707312229415737
logistic_regression,1,0.5,0.4772727272727273,0.7368421052631579,0.35294117647058826,0.6714064423878937
logistic_regression,1,0.51,0.4772727272727273,0.7368421052631579,0.35294117647058826,0.6714064423878937
logistic_regression,1,0.52,0.47398843930635837,0.7592592592592593,0.3445378151260504,0.6678799811619449
logistic_regression,1,0.53,0.47674418604651164,0.7735849056603774,0.3445378151260504,0.6682175908851049
logistic_regression,1,0.54,0.47674418604651164,0.7735849056603774,0.3445378151260504,0.6682175908851049
logistic_regression,1,0.55,0.47674418604651164,0.7735849056603774,0.3445378151260504,0.6682175908851049
logistic_regression,1,0.56,0.47619047619047616,0.8163265306122449,0.33613445378151263,0.665028739382316
logistic_regression,1,0.57,0.46706586826347307,0.8125,0.3277310924369748,0.6608270587100471
logistic_regression,1,0.58,0.46060606060606063,0.8260869565217391,0.31932773109243695,0.6569629877609382
logistic_regression,1,0.59,0.4539877300613497,0.8409090909090909,0.31092436974789917,0.6530989168118294
logistic_regression,1,0.6,0.43478260869565216,0.8333333333333334,0.29411764705882354,0.6446955554672916
logistic_regression,1,0.61,0.4375,0.8536585365853658,0.29411764705882354,0.6450331651904516
logistic_regression,1,0.62,0.4375,0.8536585365853658,0.29411764705882354,0.6450331651904516
logistic_regression,1,0.63,0.4430379746835443,0.8974358974358975,0.29411764705882354,0.6457083846367717
logistic_regression,1,0.64,0.445859872611465,0.9210526315789473,0.29411764705882354,0.6460459943599317
logistic_regression,1,0.65,0.4358974358974359,0.918918918918919,0.2857142857142857,0.6418443136876628
logistic_regression,1,0.66,0.4358974358974359,0.918918918918919,0.2857142857142857,0.6418443136876628
logistic_regression,1,0.67,0.4258064516129032,0.9166666666666666,0.2773109243697479,0.6376426330153939
logistic_regression,1,0.68,0.40522875816993464,0.9117647058823529,0.2605042016806723,0.629239271670856
logistic_regression,1,0.69,0.39473684210526316,0.9090909090909091,0.25210084033613445,0.6250375909985871
logistic_regression,1,0.7,0.37333333333333335,0.9032258064516129,0.23529411764705882,0.6166342296540493
logistic_regression,1,0.71,0.3624161073825503,0.9,0.226890756302521,0.6124325489817805
logistic_regression,1,0.72,0.3624161073825503,0.9,0.226890756302521,0.6124325489817805
logistic_regression,1,0.73,0.35135135135135137,0.896551724137931,0.2184873949579832,0.6082308683095115
logistic_regression,1,0.74,0.2937062937062937,0.875,0.17647058823529413,0.587222464948167
logistic_regression,1,0.75,0.28169014084507044,0.8695652173913043,0.16806722689075632,0.5830207842758981
logistic_regression,1,0.76,0.28368794326241137,0.9090909090909091,0.16806722689075632,0.5833583939990581
logistic_regression,1,0.77,0.2857142857142857,0.9523809523809523,0.16806722689075632,0.5836960037222181
logistic_regression,1,0.78,0.2857142857142857,0.9523809523809523,0.16806722689075632,0.5836960037222181
logistic_regression,1,0.79,0.2753623188405797,1.0,0.15966386554621848,0.5798319327731092
logistic_regression,1,0.8,0.26277372262773724,1.0,0.15126050420168066,0.5756302521008403
logistic_regression,1,0.81,0.26277372262773724,1.0,0.15126050420168066,0.5756302521008403
logistic_regression,1,0.82,0.23703703703703705,1.0,0.13445378151260504,0.5672268907563025
logistic_regression,1,0.83,0.183206106870229,1.0,0.10084033613445378,0.5504201680672269
logistic_regression,1,0.84,0.15503875968992248,1.0,0.08403361344537816,0.542016806722689
logistic_regression,1,0.85,0.140625,1.0,0.07563025210084033,0.5378151260504201
logistic_regression,1,0.86,0.140625,1.0,0.07563025210084033,0.5378151260504201
logistic_regression,1,0.87,0.12598425196850394,1.0,0.06722689075630252,0.5336134453781513
logistic_regression,1,0.88,0.1111111111111111,1.0,0.058823529411764705,0.5294117647058824
logistic_regression,1,0.89,0.1111111111111111,1.0,0.058823529411764705,0.5294117647058824
logistic_regression,1,0.9,0.1111111111111111,1.0,0.058823529411764705,0.5294117647058824
logistic_regression,1,0.91,0.08064516129032258,1.0,0.04201680672268908,0.5210084033613446
logistic_regression,1,0.92,0.08064516129032258,1.0,0.04201680672268908,0.5210084033613446
logistic_regression,1,0.93,0.06504065040650407,1.0,0.03361344537815126,0.5168067226890757
logistic_regression,1,0.94,0.06504065040650407,1.0,0.03361344537815126,0.5168067226890757
logistic_regression,1,0.95,0.06504065040650407,1.0,0.03361344537815126,0.5168067226890757
linear_svc,1,0.05,0.31076923076923074,0.1902071563088512,0.8487394957983193,0.779197566940348
linear_svc,1,0.06,0.3443478260869565,0.21710526315789475,0.8319327731092437,0.7954397153864923
linear_svc,1,0.07,0.36363636363636365,0.23471882640586797,0.8067226890756303,0.7976895011887266
linear_svc,1,0.08,0.38271604938271603,0.25340599455040874,0.7815126050420168,0.798251238375161
linear_svc,1,0.09,0.40089086859688194,0.2727272727272727,0.7563025210084033,0.7971249269457952
linear_svc,1,0.1,0.42482100238663484,0.2966666666666667,0.7478991596638656,0.8027139282451671
linear_svc,1,0.11,0.4490861618798956,0.32575757575757575,0.7226890756302521,0.8012500070926412
linear_svc,1,0.12,0.46321525885558584,0.34274193548387094,0.7142857142857143,0.8021124722677728
linear_svc,1,0.13,0.4745762711864407,0.3574468085106383,0.7058823529411765,0.8019621082734242
linear_svc,1,0.14,0.4911242603550296,0.3789954337899543,0.6974789915966386,0.8028245734485556
linear_svc,1,0.15,0.515527950310559,0.4088669950738916,0.6974789915966386,0.8082263290191161
linear_svc,1,0.16,0.5242718446601942,0.4263157894736842,0.680672268907563,0.8035366746293386
linear_svc,1,0.17,0.528052805280528,0.43478260869565216,0.6722689075630253,0.8010230425728698
linear_svc,1,0.18,0.5369127516778524,0.44692737430167595,0.6722689075630253,0.8027110911886699
linear_svc,1,0.19,0.5486111111111112,0.46745562130177515,0.6638655462184874,0.8015478980248413
linear_svc,1,0.2,0.5415162454873647,0.47468354430379744,0.6302521008403361,0.7871044433978858
linear_svc,1,0.21,0.5481481481481482,0.4900662251655629,0.6218487394957983,0.784928421064577
linear_svc,1,0.22,0.5517241379310345,0.5070422535211268,0.6050420168067226,0.7788883277821594
linear_svc,1,0.23,0.5433070866141733,0.5111111111111111,0.5798319327731093,0.7676337246579928
linear_svc,1,0.24,0.551440329218107,0.5403225806451613,0.5630252100840336,0.7622688508218953
linear_svc,1,0.25,0.5485232067510548,0.5508474576271186,0.5462184873949579,0.7552159283699975
linear_svc,1,0.26,0.5470085470085471,0.5565217391304348,0.5378151260504201,0.7516894671440487
linear_svc,1,0.27,0.5454545454545454,0.5625,0.5294117647058824,0.7481630059180999
linear_svc,1,0.28,0.5535714285714286,0.5904761904761905,0.5210084033613446,0.7459869835847912
linear_svc,1,0.29,0.5520361990950227,0.5980392156862745,0.5126050420168067,0.7424605223588423
linear_svc,1,0.3,0.5462962962962963,0.6082474226804123,0.4957983193277311,0.7350699901837845
linear_svc,1,0.31,0.5497630331753555,0.6304347826086957,0.48739495798319327,0.7322187484041557
linear_svc,1,0.32,0.5550239234449761,0.6444444444444445,0.48739495798319327,0.7328939678504758
linear_svc,1,0.33,0.5588235294117647,0.6705882352941176,0.4789915966386555,0.730042726070847
linear_svc,1,0.34,0.55,0.6790123456790124,0.46218487394957986,0.7223145841726293
linear_svc,1,0.35,0.5482233502538071,0.6923076923076923,0.453781512605042,0.7187881229466804
linear_svc,1,0.36,0.538860103626943,0.7027027027027027,0.4369747899159664,0.7110599810484626
linear_svc,1,0.37,0.5291005291005291,0.7142857142857143,0.42016806722689076,0.7033318391502449
linear_svc,1,0.38,0.5161290322580645,0.7164179104477612,0.40336134453781514,0.695266087528867
linear_svc,1,0.39,0.5,0.7076923076923077,0.3865546218487395,0.6868627261843292
linear_svc,1,0.4,0.4918032786885246,0.703125,0.37815126050420167,0.6826610455120603
linear_svc,1,0.41,0.4861878453038674,0.7096774193548387,0.3697478991596639,0.6787969745629514
linear_svc,1,0.42,0.4861878453038674,0.7096774193548387,0.3697478991596639,0.6787969745629514
linear_svc,1,0.43,0.4861878453038674,0.7096774193548387,0.3697478991596639,0.6787969745629514
linear_svc,1,0.44,0.4888888888888889,0.7213114754098361,0.3697478991596639,0.6791345842861115
linear_svc,1,0.45,0.4943820224719101,0.7457627118644068,0.3697478991596639,0.6798098037324316
linear_svc,1,0.46,0.48863636363636365,0.7543859649122807,0.36134453781512604,0.6759457327833226
linear_svc,1,0.47,0.49142857142857144,0.7678571428571429,0.36134453781512604,0.6762833425064827
linear_svc,1,0.48,0.49142857142857144,0.7678571428571429,0.36134453781512604,0.6762833425064827
linear_svc,1,0.49,0.49710982658959535,0.7962962962962963,0.36134453781512604,0.6769585619528027
linear_svc,1,0.5,0.49411764705882355,0.8235294117647058,0.35294117647058826,0.6734321007268539
linear_svc,1,0.51,0.4970414201183432,0.84,0.35294117647058826,0.6737697104500139
linear_svc,1,0.52,0.5029940119760479,0.875,0.35294117647058826,0.674444929896334
linear_svc,1,0.53,0.48484848484848486,0.8695652173913043,0.33613445378151263,0.6660415685517962
linear_svc,1,0.54,0.48484848484848486,0.8695652173913043,0.33613445378151263,0.6660415685517962
linear_svc,1,0.55,0.45962732919254656,0.8809523809523809,0.31092436974789917,0.6537741362581495
linear_svc,1,0.56,0.45,0.8780487804878049,0.3025210084033613,0.6495724555858805
linear_svc,1,0.57,0.4528301886792453,0.9,0.3025210084033613,0.6499100653090406
linear_svc,1,0.58,0.4430379746835443,0.8974358974358975,0.29411764705882354,0.6457083846367717
linear_svc,1,0.59,0.43312101910828027,0.8947368421052632,0.2857142857142857,0.6415067039645028
linear_svc,1,0.6,0.4258064516129032,0.9166666666666666,0.2773109243697479,0.6376426330153939
linear_svc,1,0.61,0.4155844155844156,0.9142857142857143,0.2689075630252101,0.6334409523431249
linear_svc,1,0.62,0.39473684210526316,0.9090909090909091,0.25210084033613445,0.6250375909985871
linear_svc,1,0.63,0.38666666666666666,0.9354838709677419,0.24369747899159663,0.6211735200494782
linear_svc,1,0.64,0.37583892617449666,0.9333333333333333,0.23529411764705882,0.6169718393772093
linear_svc,1,0.65,0.36486486486486486,0.9310344827586207,0.226890756302521,0.6127701587049404
linear_svc,1,0.66,0.36486486486486486,0.9310344827586207,0.226890756302521,0.6127701587049404
linear_svc,1,0.67,0.3310344827586207,0.9230769230769231,0.20168067226890757,0.6001651166881338
linear_svc,1,0.68,0.3194444444444444,0.92,0.19327731092436976,0.5959634360158649
linear_svc,1,0.69,0.32167832167832167,0.9583333333333334,0.19327731092436976,0.5963010457390249
linear_svc,1,0.7,0.2978723404255319,0.9545454545454546,0.17647058823529413,0.587897684394487
linear_svc,1,0.71,0.2978723404255319,0.9545454545454546,0.17647058823529413,0.587897684394487
linear_svc,1,0.72,0.2978723404255319,0.9545454545454546,0.17647058823529413,0.587897684394487
linear_svc,1,0.73,0.2857142857142857,0.9523809523809523,0.16806722689075632,0.5836960037222181
linear_svc,1,0.74,0.2733812949640288,0.95,0.15966386554621848,0.5794943230499492
linear_svc,1,0.75,0.2733812949640288,0.95,0.15966386554621848,0.5794943230499492
linear_svc,1,0.76,0.25,1.0,0.14285714285714285,0.5714285714285714
linear_svc,1,0.77,0.22388059701492538,1.0,0.12605042016806722,0.5630252100840336
linear_svc,1,0.78,0.19696969696969696,1.0,0.1092436974789916,0.5546218487394958
linear_svc,1,0.79,0.16923076923076924,1.0,0.09243697478991597,0.546218487394958
linear_svc,1,0.8,0.15503875968992248,1.0,0.08403361344537816,0.542016806722689
linear_svc,1,0.81,0.12598425196850394,1.0,0.06722689075630252,0.5336134453781513
linear_svc,1,0.82,0.1111111111111111,1.0,0.058823529411764705,0.5294117647058824
linear_svc,1,0.83,0.1111111111111111,1.0,0.058823529411764705,0.5294117647058824
linear_svc,1,0.84,0.1111111111111111,1.0,0.058823529411764705,0.5294117647058824
linear_svc,1,0.85,0.1111111111111111,1.0,0.058823529411764705,0.5294117647058824
linear_svc,1,0.86,0.1111111111111111,1.0,0.058823529411764705,0.5294117647058824
linear_svc,1,0.87,0.08064516129032258,1.0,0.04201680672268908,0.5210084033613446
linear_svc,1,0.88,0.08064516129032258,1.0,0.04201680672268908,0.5210084033613446
linear_svc,1,0.89,0.08064516129032258,1.0,0.04201680672268908,0.5210084033613446
linear_svc,1,0.9,0.06504065040650407,1.0,0.03361344537815126,0.5168067226890757
linear_svc,1,0.91,0.06504065040650407,1.0,0.03361344537815126,0.5168067226890757
linear_svc,1,0.92,0.06504065040650407,1.0,0.03361344537815126,0.5168067226890757
linear_svc,1,0.93,0.06504065040650407,1.0,0.03361344537815126,0.5168067226890757
linear_svc,1,0.94,0.04918032786885246,1.0,0.025210084033613446,0.5126050420168067
linear_svc,1,0.95,0.016666666666666666,1.0,0.008403361344537815,0.5042016806722689
logistic_regression,2,0.05,0.34494773519163763,0.21710526315789475,0.8389830508474576,0.7990461812941742
logistic_regression,2,0.06,0.36608863198458574,0.23690773067331672,0.8050847457627118,0.7993035064845948
logistic_regression,2,0.07,0.3900414937759336,0.25824175824175827,0.7966101694915254,0.8072119673368559
logistic_regression,2,0.08,0.4170403587443946,0.28353658536585363,0.788135593220339,0.8147830462727876
logistic_regression,2,0.09,0.4343675417661098,0.3023255813953488,0.7711864406779662,0.8147430179098333
logistic_regression,2,0.1,0.45112781954887216,0.3202846975088968,0.7627118644067796,0.8169159861844963
logistic_regression,2,0.11,0.47619047619047616,0.34615384615384615,0.7627118644067796,0.8240010064274115
logistic_regression,2,0.12,0.49859943977591037,0.3723849372384937,0.7542372881355932,0.8265113566184039
logistic_regression,2,0.13,0.5116279069767442,0.3893805309734513,0.7457627118644068,0.826322651478762
logistic_regression,2,0.14,0.5120481927710844,0.397196261682243,0.7203389830508474,0.816647224318946
logistic_regression,2,0.15,0.5217391304347826,0.4117647058823529,0.711864406779661,0.8154463734303163
logistic_regression,2,0.16,0.535031847133758,0.42857142857142855,0.711864406779661,0.8181454287609506
logistic_regression,2,0.17,0.5460526315789473,0.44623655913978494,0.7033898305084746,0.816944577872321
logistic_regression,2,0.18,0.535593220338983,0.4463276836158192,0.6694915254237288,0.8016823349115945
logistic_regression,2,0.19,0.5384615384615384,0.4583333333333333,0.652542372881356,0.7955694320547131
logistic_regression,2,0.2,0.55,0.47530864197530864,0.652542372881356,0.7975937235526888
logistic_regression,2,0.21,0.5588235294117647,0.4935064935064935,0.6440677966101694,0.7957181088314005
logistic_regression,2,0.22,0.5681818181818182,0.5136986301369864,0.635593220338983,0.7938424941101123
logistic_regression,2,0.23,0.5703125,0.5289855072463768,0.6186440677966102,0.7873922093369016
logistic_regression,2,0.24,0.568,0.5378787878787878,0.6016949152542372,0.7802671607310323
logistic_regression,2,0.25,0.5737704918032787,0.5555555555555556,0.5932203389830508,0.7777167821770854
logistic_regression,2,0.26,0.5809128630705395,0.5691056910569106,0.5932203389830508,0.7787289279260734
logistic_regression,2,0.27,0.5726495726495726,0.5775862068965517,0.5677966101694916,0.7673665911846108
logistic_regression,2,0.28,0.5775862068965517,0.5877192982456141,0.5677966101694916,0.7680413550172693
logistic_regression,2,0.29,0.5814977973568282,0.6055045871559633,0.559322033898305,0.7651535945469933
logistic_regression,2,0.3,0.5855855855855856,0.625,0.5508474576271186,0.7622658340767172
logistic_regression,2,0.31,0.5818181818181818,0.6274509803921569,0.5423728813559322,0.7583659278574533
logistic_regression,2,0.32,0.5833333333333334,0.6428571428571429,0.5338983050847458,0.755140785470848
logistic_regression,2,0.33,0.5833333333333334,0.6428571428571429,0.5338983050847458,0.755140785470848
logistic_regression,2,0.34,0.5876777251184834,0.6666666666666666,0.5254237288135594,0.7522530250005719
logistic_regression,2,0.35,0.5933014354066986,0.6813186813186813,0.5254237288135594,0.7529277888332304
logistic_regression,2,0.36,0.5784313725490197,0.686046511627907,0.5,0.7408906882591093
logistic_regression,2,0.37,0.5628140703517588,0.691358024691358,0.4745762711864407,0.7288535876849882
logistic_regression,2,0.38,0.5773195876288659,0.7368421052631579,0.4745762711864407,0.7305404972666346
logistic_regression,2,0.39,0.5863874345549738,0.7671232876712328,0.4745762711864407,0.7315526430156225
logistic_regression,2,0.4,0.5591397849462365,0.7647058823529411,0.4406779661016949,0.7149408723895789
logistic_regression,2,0.41,0.5543478260869565,0.7727272727272727,0.4322033898305085,0.711040966170315
logistic_regression,2,0.42,0.5543478260869565,0.7727272727272727,0.4322033898305085,0.711040966170315
logistic_regression,2,0.43,0.5384615384615384,0.765625,0.4152542372881356,0.7025663898991286
logistic_regression,2,0.44,0.5333333333333333,0.7741935483870968,0.4067796610169492,0.6986664836798646
logistic_regression,2,0.45,0.5333333333333333,0.7741935483870968,0.4067796610169492,0.6986664836798646
logistic_regression,2,0.46,0.5084745762711864,0.7627118644067796,0.3813559322033898,0.685954619273085
logistic_regression,2,0.47,0.5084745762711864,0.7627118644067796,0.3813559322033898,0.685954619273085
logistic_regression,2,0.48,0.5084745762711864,0.7627118644067796,0.3813559322033898,0.685954619273085
logistic_regression,2,0.49,0.5142857142857142,0.7894736842105263,0.3813559322033898,0.6866293831057435
logistic_regression,2,0.5,0.5202312138728323,0.8181818181818182,0.3813559322033898,0.687304146938402
logistic_regression,2,0.51,0.5263157894736842,0.8490566037735849,0.3813559322033898,0.6879789107710605
logistic_regression,2,0.52,0.5263157894736842,0.8490566037735849,0.3813559322033898,0.6879789107710605
logistic_regression,2,0.53,0.5263157894736842,0.8490566037735849,0.3813559322033898,0.6879789107710605
logistic_regression,2,0.54,0.5263157894736842,0.8490566037735849,0.3813559322033898,0.6879789107710605
logistic_regression,2,0.55,0.5176470588235295,0.8461538461538461,0.3728813559322034,0.6837416226354673
logistic_regression,2,0.56,0.5088757396449705,0.8431372549019608,0.3644067796610169,0.6795043344998741
logistic_regression,2,0.57,0.5029940119760479,0.8571428571428571,0.3559322033898305,0.6756044282806103
logistic_regression,2,0.58,0.5029940119760479,0.8571428571428571,0.3559322033898305,0.6756044282806103
logistic_regression,2,0.59,0.5029940119760479,0.8571428571428571,0.3559322033898305,0.6756044282806103
logistic_regression,2,0.6,0.5060240963855421,0.875,0.3559322033898305,0.6759418101969396
logistic_regression,2,0.61,0.49696969696969695,0.8723404255319149,0.3474576271186441,0.6717045220613463
logistic_regression,2,0.62,0.49696969696969695,0.8723404255319149,0.3474576271186441,0.6717045220613463
logistic_regression,2,0.63,0.49079754601226994,0.8888888888888888,0.3389830508474576,0.6678046158420824
logistic_regression,2,0.64,0.49079754601226994,0.8888888888888888,0.3389830508474576,0.6678046158420824
logistic_regression,2,0.65,0.4720496894409938,0.8837209302325582,0.3220338983050847,0.659330039570896
logistic_regression,2,0.66,0.4720496894409938,0.8837209302325582,0.3220338983050847,0.659330039570896
logistic_regression,2,0.67,0.4528301886792453,0.8780487804878049,0.3050847457627119,0.6508554632997096
logistic_regression,2,0.68,0.445859872611465,0.8974358974358975,0.2966101694915254,0.6469555570804455
logistic_regression,2,0.69,0.4358974358974359,0.8947368421052632,0.288135593220339,0.6427182689448523
logistic_regression,2,0.7,0.4358974358974359,0.8947368421052632,0.288135593220339,0.6427182689448523
logistic_regression,2,0.71,0.4358974358974359,0.8947368421052632,0.288135593220339,0.6427182689448523
logistic_regression,2,0.72,0.4258064516129032,0.8918918918918919,0.2796610169491525,0.6384809808092591
logistic_regression,2,0.73,0.42857142857142855,0.9166666666666666,0.2796610169491525,0.6388183627255885
logistic_regression,2,0.74,0.43137254901960786,0.9428571428571428,0.2796610169491525,0.6391557446419177
logistic_regression,2,0.75,0.42105263157894735,0.9411764705882353,0.2711864406779661,0.6349184565063245
logistic_regression,2,0.76,0.4105960264900662,0.9393939393939394,0.2627118644067797,0.6306811683707313
logistic_regression,2,0.77,0.4,0.9375,0.2542372881355932,0.626443880235138
logistic_regression,2,0.78,0.38926174496644295,0.9354838709677419,0.2457627118644068,0.6222065920995448
logistic_regression,2,0.79,0.3586206896551724,0.9629629629629629,0.22033898305084745,0.6098321096090945
logistic_regression,2,0.8,0.3611111111111111,1.0,0.22033898305084745,0.6101694915254238
logistic_regression,2,0.81,0.3262411347517731,1.0,0.19491525423728814,0.597457627118644
logistic_regression,2,0.82,0.302158273381295,1.0,0.17796610169491525,0.5889830508474576
logistic_regression,2,0.83,0.2898550724637681,1.0,0.1694915254237288,0.5847457627118644
logistic_regression,2,0.84,0.23880597014925373,1.0,0.13559322033898305,0.5677966101694916
logistic_regression,2,0.85,0.22556390977443608,1.0,0.1271186440677966,0.5635593220338984
logistic_regression,2,0.86,0.1984732824427481,1.0,0.11016949152542373,0.5550847457627118
logistic_regression,2,0.87,0.17054263565891473,1.0,0.09322033898305085,0.5466101694915254
logistic_regression,2,0.88,0.14173228346456693,1.0,0.07627118644067797,0.538135593220339
logistic_regression,2,0.89,0.14173228346456693,1.0,0.07627118644067797,0.538135593220339
logistic_regression,2,0.9,0.12698412698412698,1.0,0.06779661016949153,0.5338983050847458
logistic_regression,2,0.91,0.112,1.0,0.059322033898305086,0.5296610169491526
logistic_regression,2,0.92,0.112,1.0,0.059322033898305086,0.5296610169491526
logistic_regression,2,0.93,0.0967741935483871,1.0,0.05084745762711865,0.5254237288135594
logistic_regression,2,0.94,0.08130081300813008,1.0,0.0423728813559322,0.521186440677966
logistic_regression,2,0.95,0.049586776859504134,1.0,0.025423728813559324,0.5127118644067796
linear_svc,2,0.05,0.3295638126009693,0.20359281437125748,0.864406779661017,0.7975880052151239
linear_svc,2,0.06,0.35125448028673834,0.22272727272727272,0.8305084745762712,0.7998696219035202
linear_svc,2,0.07,0.3664717348927875,0.2379746835443038,0.7966101694915254,0.796753127930648
linear_svc,2,0.08,0.39662447257383965,0.2640449438202247,0.7966101694915254,0.8099110226674902
linear_svc,2,0.09,0.428246013667426,0.29283489096573206,0.7966101694915254,0.8217193897390151
linear_svc,2,0.1,0.44390243902439025,0.3116438356164384,0.7711864406779662,0.8177794551567968
linear_svc,2,0.11,0.46272493573264784,0.33210332103321033,0.7627118644067796,0.8202898053477893
linear_svc,2,0.12,0.4918032786885246,0.3629032258064516,0.7627118644067796,0.8280495894233628
linear_svc,2,0.13,0.5072046109510087,0.38427947598253276,0.7457627118644068,0.8253105057297743
linear_svc,2,0.14,0.5207100591715976,0.4,0.7457627118644068,0.8283469429767378
linear_svc,2,0.15,0.525679758308157,0.4084507042253521,0.7372881355932204,0.8261339463391203
linear_svc,2,0.16,0.5239616613418531,0.4205128205128205,0.6949152542372882,0.809333470573435
linear_svc,2,0.17,0.543046357615894,0.44565217391304346,0.6949152542372882,0.813044671653057
linear_svc,2,0.18,0.5510204081632653,0.4602272727272727,0.6864406779661016,0.8111690569317688
linear_svc,2,0.19,0.5454545454545454,0.4642857142857143,0.6610169491525424,0.8001441021066356
linear_svc,2,0.2,0.5672727272727273,0.4968152866242038,0.6610169491525424,0.8038553031862576
linear_svc,2,0.21,0.5606060606060606,0.5068493150684932,0.6271186440677966,0.7892678240581898
linear_svc,2,0.22,0.5568627450980392,0.5182481751824818,0.6016949152542372,0.7785802511493858
linear_svc,2,0.23,0.5645161290322581,0.5384615384615384,0.5932203389830508,0.7763672545117684
linear_svc,2,0.24,0.5761316872427984,0.56,0.5932203389830508,0.7780541640934148
linear_svc,2,0.25,0.5690376569037657,0.5619834710743802,0.576271186440678,0.770254351654887
linear_svc,2,0.26,0.5702127659574469,0.5726495726495726,0.5677966101694916,0.7670292092682816
linear_svc,2,0.27,0.5800865800865801,0.5929203539823009,0.5677966101694916,0.7683787369335987
linear_svc,2,0.28,0.5803571428571429,0.6132075471698113,0.5508474576271186,0.7615910702440587
linear_svc,2,0.29,0.5765765765765766,0.6153846153846154,0.5423728813559322,0.7576911640247947
linear_svc,2,0.3,0.5740740740740741,0.6326530612244898,0.5254237288135594,0.7505661154189254
linear_svc,2,0.31,0.5781990521327014,0.6559139784946236,0.5169491525423728,0.7476783549486493
linear_svc,2,0.32,0.5769230769230769,0.6666666666666666,0.5084745762711864,0.7441158306457147
linear_svc,2,0.33,0.56,0.6829268292682927,0.4745762711864407,0.7285162057686589
linear_svc,2,0.34,0.5685279187817259,0.7088607594936709,0.4745762711864407,0.7295283515176468
linear_svc,2,0.35,0.5803108808290155,0.7466666666666667,0.4745762711864407,0.730877879182964
linear_svc,2,0.36,0.5729166666666666,0.7432432432432432,0.4661016949152542,0.7266405910473708
linear_svc,2,0.37,0.5531914893617021,0.7428571428571429,0.4406779661016949,0.7142661085569203
linear_svc,2,0.38,0.5513513513513514,0.7611940298507462,0.4322033898305085,0.7107035842539857
linear_svc,2,0.39,0.5384615384615384,0.765625,0.4152542372881356,0.7025663898991286
linear_svc,2,0.4,0.5414364640883977,0.7777777777777778,0.4152542372881356,0.7029037718154578
linear_svc,2,0.41,0.5363128491620112,0.7868852459016393,0.4067796610169492,0.6990038655961939
linear_svc,2,0.42,0.519774011299435,0.7796610169491526,0.3898305084745763,0.6905292893250075
linear_svc,2,0.43,0.5113636363636364,0.7758620689655172,0.3813559322033898,0.6862920011894142
linear_svc,2,0.44,0.5142857142857142,0.7894736842105263,0.3813559322033898,0.6866293831057435
linear_svc,2,0.45,0.5172413793103449,0.8035714285714286,0.3813559322033898,0.6869667650220728
linear_svc,2,0.46,0.5202312138728323,0.8181818181818182,0.3813559322033898,0.687304146938402
linear_svc,2,0.47,0.5202312138728323,0.8181818181818182,0.3813559322033898,0.687304146938402
linear_svc,2,0.48,0.5232558139534884,0.8333333333333334,0.3813559322033898,0.6876415288547313
linear_svc,2,0.49,0.5176470588235295,0.8461538461538461,0.3728813559322034,0.6837416226354673
linear_svc,2,0.5,0.5088757396449705,0.8431372549019608,0.3644067796610169,0.6795043344998741
linear_svc,2,0.51,0.5029940119760479,0.8571428571428571,0.3559322033898305,0.6756044282806103
linear_svc,2,0.52,0.5029940119760479,0.8571428571428571,0.3559322033898305,0.6756044282806103
linear_svc,2,0.53,0.49696969696969695,0.8723404255319149,0.3474576271186441,0.6717045220613463
linear_svc,2,0.54,0.5,0.8913043478260869,0.3474576271186441,0.6720419039776756
linear_svc,2,0.55,0.5,0.8913043478260869,0.3474576271186441,0.6720419039776756
linear_svc,2,0.56,0.5,0.8913043478260869,0.3474576271186441,0.6720419039776756
linear_svc,2,0.57,0.5,0.8913043478260869,0.3474576271186441,0.6720419039776756
linear_svc,2,0.58,0.49079754601226994,0.8888888888888888,0.3389830508474576,0.6678046158420824
linear_svc,2,0.59,0.49382716049382713,0.9090909090909091,0.3389830508474576,0.6681419977584117
linear_svc,2,0.6,0.484472049689441,0.9069767441860465,0.3305084745762712,0.6639047096228184
linear_svc,2,0.61,0.46540880503144655,0.9024390243902439,0.3135593220338983,0.655430133351632
linear_svc,2,0.62,0.4258064516129032,0.8918918918918919,0.2796610169491525,0.6384809808092591
linear_svc,2,0.63,0.4258064516129032,0.8918918918918919,0.2796610169491525,0.6384809808092591
linear_svc,2,0.64,0.4258064516129032,0.8918918918918919,0.2796610169491525,0.6384809808092591
linear_svc,2,0.65,0.4258064516129032,0.8918918918918919,0.2796610169491525,0.6384809808092591
linear_svc,2,0.66,0.41830065359477125,0.9142857142857143,0.2711864406779661,0.6345810745899952
linear_svc,2,0.67,0.41830065359477125,0.9142857142857143,0.2711864406779661,0.6345810745899952
linear_svc,2,0.68,0.4105960264900662,0.9393939393939394,0.2627118644067797,0.6306811683707313
linear_svc,2,0.69,0.4105960264900662,0.9393939393939394,0.2627118644067797,0.6306811683707313
linear_svc,2,0.7,0.41333333333333333,0.96875,0.2627118644067797,0.6310185502870606
linear_svc,2,0.71,0.40268456375838924,0.967741935483871,0.2542372881355932,0.6267812621514673
linear_svc,2,0.72,0.3918918918918919,0.9666666666666667,0.2457627118644068,0.6225439740158741
linear_svc,2,0.73,0.3356643356643357,0.96,0.2033898305084746,0.601357533337908
linear_svc,2,0.74,0.3356643356643357,0.96,0.2033898305084746,0.601357533337908
linear_svc,2,0.75,0.28776978417266186,0.9523809523809523,0.1694915254237288,0.5844083807955351
linear_svc,2,0.76,0.2647058823529412,1.0,0.15254237288135594,0.576271186440678
linear_svc,2,0.77,0.2518518518518518,1.0,0.1440677966101695,0.5720338983050848
linear_svc,2,0.78,0.23880597014925373,1.0,0.13559322033898305,0.5677966101694916
linear_svc,2,0.79,0.1984732824427481,1.0,0.11016949152542373,0.5550847457627118
linear_svc,2,0.8,0.18461538461538463,1.0,0.1016949152542373,0.5508474576271186
linear_svc,2,0.81,0.18461538461538463,1.0,0.1016949152542373,0.5508474576271186
linear_svc,2,0.82,0.14173228346456693,1.0,0.07627118644067797,0.538135593220339
linear_svc,2,0.83,0.12698412698412698,1.0,0.06779661016949153,0.5338983050847458
linear_svc,2,0.84,0.112,1.0,0.059322033898305086,0.5296610169491526
linear_svc,2,0.85,0.112,1.0,0.059322033898305086,0.5296610169491526
linear_svc,2,0.86,0.0967741935483871,1.0,0.05084745762711865,0.5254237288135594
linear_svc,2,0.87,0.0967741935483871,1.0,0.05084745762711865,0.5254237288135594
linear_svc,2,0.88,0.08130081300813008,1.0,0.0423728813559322,0.521186440677966
linear_svc,2,0.89,0.08130081300813008,1.0,0.0423728813559322,0.521186440677966
linear_svc,2,0.9,0.08130081300813008,1.0,0.0423728813559322,0.521186440677966
linear_svc,2,0.91,0.06557377049180328,1.0,0.03389830508474576,0.5169491525423728
linear_svc,2,0.92,0.049586776859504134,1.0,0.025423728813559324,0.5127118644067796
linear_svc,2,0.93,0.049586776859504134,1.0,0.025423728813559324,0.5127118644067796
linear_svc,2,0.94,0.049586776859504134,1.0,0.025423728813559324,0.5127118644067796
linear_svc,2,0.95,0.049586776859504134,1.0,0.025423728813559324,0.5127118644067796
logistic_regression,3,0.05,0.3543859649122807,0.2234513274336283,0.8559322033898306,0.8095450490633364
logistic_regression,3,0.06,0.37858508604206503,0.24444444444444444,0.8389830508474576,0.8162526590269676
logistic_regression,3,0.07,0.3958333333333333,0.26243093922651933,0.8050847457627118,0.8124614012214368
logistic_regression,3,0.08,0.4177777777777778,0.28313253012048195,0.7966101694915254,0.818008188659393
logistic_regression,3,0.09,0.44711538461538464,0.31208053691275167,0.788135593220339,0.8249045037626661
logistic_regression,3,0.1,0.4730077120822622,0.33948339483394835,0.7796610169491526,0.8294391454516343
logistic_regression,3,0.11,0.4945652173913043,0.364,0.7711864406779662,0.8319494956426268
logistic_regression,3,0.12,0.5112359550561798,0.38235294117647056,0.7711864406779662,0.8359980786385782
logistic_regression,3,0.13,0.5263157894736842,0.4017857142857143,0.7627118644067796,0.8361467554152657
logistic_regression,3,0.14,0.5405405405405406,0.4186046511627907,0.7627118644067796,0.8391831926622293
logistic_regression,3,0.15,0.5408805031446541,0.43,0.7288135593220338,0.8259452411994785
logistic_regression,3,0.16,0.5442622950819672,0.44385026737967914,0.7033898305084746,0.8166071959559917
logistic_regression,3,0.17,0.5503355704697986,0.45555555555555555,0.6949152542372882,0.8143941993183742
logistic_regression,3,0.18,0.5517241379310345,0.46511627906976744,0.6779661016949152,0.8079439145451635
logistic_regression,3,0.19,0.5563380281690141,0.4759036144578313,0.6694915254237288,0.8053935359912165
logistic_regression,3,0.2,0.5672727272727273,0.4968152866242038,0.6610169491525424,0.8038553031862576
logistic_regression,3,0.21,0.5789473684210527,0.5202702702702703,0.652542372881356,0.8023170703812987
logistic_regression,3,0.22,0.5779467680608364,0.5241379310344828,0.6440677966101694,0.798754546078364
logistic_regression,3,0.23,0.5849802371541502,0.5481481481481482,0.6271186440677966,0.7929790251378119
logistic_regression,3,0.24,0.5943775100401606,0.5648854961832062,0.6271186440677966,0.7943285528031291
logistic_regression,3,0.25,0.5901639344262295,0.5714285714285714,0.6101694915254238,0.7868661222809306
logistic_regression,3,0.26,0.5833333333333334,0.5737704918032787,0.5932203389830508,0.7790663098424027
logistic_regression,3,0.27,0.5847457627118644,0.5847457627118644,0.5847457627118644,0.7758411674557972
logistic_regression,3,0.28,0.5887445887445888,0.6017699115044248,0.576271186440678,0.7729534069855212
logistic_regression,3,0.29,0.5929203539823009,0.6203703703703703,0.5677966101694916,0.7700656465152451
logistic_regression,3,0.3,0.5982142857142857,0.6320754716981132,0.5677966101694916,0.7707404103479036
logistic_regression,3,0.31,0.5963302752293578,0.65,0.5508474576271186,0.7636153617420344
logistic_regression,3,0.32,0.6046511627906976,0.6701030927835051,0.5508474576271186,0.7646275074910223
logistic_regression,3,0.33,0.5943396226415094,0.6702127659574468,0.5338983050847458,0.7564903131361651
logistic_regression,3,0.34,0.5876777251184834,0.6666666666666666,0.5254237288135594,0.7522530250005719
logistic_regression,3,0.35,0.5728155339805825,0.6704545454545454,0.5,0.7402159244264508
logistic_regression,3,0.36,0.5643564356435643,0.6785714285714286,0.4830508474576271,0.7324161119879229
logistic_regression,3,0.37,0.5527638190954773,0.6790123456790124,0.4661016949152542,0.7242789176330657
logistic_regression,3,0.38,0.5555555555555556,0.6875,0.4661016949152542,0.724616299549395
logistic_regression,3,0.39,0.5641025641025641,0.7142857142857143,0.4661016949152542,0.7256284452983828
logistic_regression,3,0.4,0.5670103092783505,0.7236842105263158,0.4661016949152542,0.7259658272147121
logistic_regression,3,0.41,0.5684210526315789,0.75,0.4576271186440678,0.7227406848281068
logistic_regression,3,0.42,0.5638297872340425,0.7571428571428571,0.4491525423728814,0.7188407786088429
logistic_regression,3,0.43,0.5638297872340425,0.7571428571428571,0.4491525423728814,0.7188407786088429
logistic_regression,3,0.44,0.5638297872340425,0.7571428571428571,0.4491525423728814,0.7188407786088429
logistic_regression,3,0.45,0.5434782608695652,0.7575757575757576,0.423728813559322,0.7064662961183925
logistic_regression,3,0.46,0.5434782608695652,0.7575757575757576,0.423728813559322,0.7064662961183925
logistic_regression,3,0.47,0.5355191256830601,0.7538461538461538,0.4152542372881356,0.7022290079827993
logistic_regression,3,0.48,0.5384615384615384,0.765625,0.4152542372881356,0.7025663898991286
logistic_regression,3,0.49,0.5333333333333333,0.7741935483870968,0.4067796610169492,0.6986664836798646
logistic_regression,3,0.5,0.5251396648044693,0.7704918032786885,0.3983050847457627,0.6944291955442714
logistic_regression,3,0.51,0.5251396648044693,0.7704918032786885,0.3983050847457627,0.6944291955442714
logistic_regression,3,0.52,0.5168539325842697,0.7666666666666667,0.3898305084745763,0.6901919074086782
logistic_regression,3,0.53,0.5257142857142857,0.8070175438596491,0.3898305084745763,0.691204053157666
logistic_regression,3,0.54,0.5116279069767442,0.8148148148148148,0.3728813559322034,0.6830668588028088
logistic_regression,3,0.55,0.5176470588235295,0.8461538461538461,0.3728813559322034,0.6837416226354673
logistic_regression,3,0.56,0.5088757396449705,0.8431372549019608,0.3644067796610169,0.6795043344998741
logistic_regression,3,0.57,0.5,0.84,0.3559322033898305,0.6752670463642809
logistic_regression,3,0.58,0.5029940119760479,0.8571428571428571,0.3559322033898305,0.6756044282806103
logistic_regression,3,0.59,0.4939759036144578,0.8541666666666666,0.3474576271186441,0.6713671401450171
logistic_regression,3,0.6,0.49696969696969695,0.8723404255319149,0.3474576271186441,0.6717045220613463
logistic_regression,3,0.61,0.4878048780487805,0.8695652173913043,0.3389830508474576,0.667467233925753
logistic_regression,3,0.62,0.4878048780487805,0.8695652173913043,0.3389830508474576,0.667467233925753
logistic_regression,3,0.63,0.4878048780487805,0.8695652173913043,0.3389830508474576,0.667467233925753
logistic_regression,3,0.64,0.4878048780487805,0.8695652173913043,0.3389830508474576,0.667467233925753
logistic_regression,3,0.65,0.4691358024691358,0.8636363636363636,0.3220338983050847,0.6589926576545666
logistic_regression,3,0.66,0.4625,0.8809523809523809,0.3135593220338983,0.6550927514353028
logistic_regression,3,0.67,0.445859872611465,0.8974358974358975,0.2966101694915254,0.6469555570804455
logistic_regression,3,0.68,0.4358974358974359,0.8947368421052632,0.288135593220339,0.6427182689448523
logistic_regression,3,0.69,0.43870967741935485,0.918918918918919,0.288135593220339,0.6430556508611817
logistic_regression,3,0.7,0.44155844155844154,0.9444444444444444,0.288135593220339,0.6433930327775109
logistic_regression,3,0.71,0.44155844155844154,0.9444444444444444,0.288135593220339,0.6433930327775109
logistic_regression,3,0.72,0.43137254901960786,0.9428571428571428,0.2796610169491525,0.6391557446419177
logistic_regression,3,0.73,0.43137254901960786,0.9428571428571428,0.2796610169491525,0.6391557446419177
logistic_regression,3,0.74,0.43137254901960786,0.9428571428571428,0.2796610169491525,0.6391557446419177
logistic_regression,3,0.75,0.42105263157894735,0.9411764705882353,0.2711864406779661,0.6349184565063245
logistic_regression,3,0.76,0.42105263157894735,0.9411764705882353,0.2711864406779661,0.6349184565063245
logistic_regression,3,0.77,0.42105263157894735,0.9411764705882353,0.2711864406779661,0.6349184565063245
logistic_regression,3,0.78,0.4,0.9375,0.2542372881355932,0.626443880235138
logistic_regression,3,0.79,0.3698630136986301,0.9642857142857143,0.2288135593220339,0.6140693977446877
logistic_regression,3,0.8,0.3611111111111111,1.0,0.22033898305084745,0.6101694915254238
logistic_regression,3,0.81,0.34965034965034963,1.0,0.211864406779661,0.6059322033898304
logistic_regression,3,0.82,0.3262411347517731,1.0,0.19491525423728814,0.597457627118644
logistic_regression,3,0.83,0.2898550724637681,1.0,0.1694915254237288,0.5847457627118644
logistic_regression,3,0.84,0.2647058823529412,1.0,0.15254237288135594,0.576271186440678
logistic_regression,3,0.85,0.23880597014925373,1.0,0.13559322033898305,0.5677966101694916
logistic_regression,3,0.86,0.21212121212121213,1.0,0.11864406779661017,0.559322033898305
logistic_regression,3,0.87,0.1984732824427481,1.0,0.11016949152542373,0.5550847457627118
logistic_regression,3,0.88,0.1984732824427481,1.0,0.11016949152542373,0.5550847457627118
logistic_regression,3,0.89,0.1984732824427481,1.0,0.11016949152542373,0.5550847457627118
logistic_regression,3,0.9,0.17054263565891473,1.0,0.09322033898305085,0.5466101694915254
logistic_regression,3,0.91,0.112,1.0,0.059322033898305086,0.5296610169491526
logistic_regression,3,0.92,0.112,1.0,0.059322033898305086,0.5296610169491526
logistic_regression,3,0.93,0.08130081300813008,1.0,0.0423728813559322,0.521186440677966
logistic_regression,3,0.94,0.06557377049180328,1.0,0.03389830508474576,0.5169491525423728
logistic_regression,3,0.95,0.06557377049180328,1.0,0.03389830508474576,0.5169491525423728
linear_svc,3,0.05,0.32063492063492066,0.197265625,0.8559322033898306,0.7893021340835793
linear_svc,3,0.06,0.36065573770491804,0.2296983758700696,0.8389830508474576,0.8074807292024062
linear_svc,3,0.07,0.3856858846918489,0.2519480519480519,0.8220338983050848,0.8138509572497084
linear_svc,3,0.08,0.4034334763948498,0.27011494252873564,0.7966101694915254,0.8126100779981245
linear_svc,3,0.09,0.4295612009237875,0.29523809523809524,0.788135593220339,0.8191690111850682
linear_svc,3,0.1,0.4623115577889447,0.32857142857142857,0.7796610169491526,0.8264027082046708
linear_svc,3,0.11,0.48533333333333334,0.3540856031128405,0.7711864406779662,0.8295878222283218
linear_svc,3,0.12,0.5055555555555555,0.3760330578512397,0.7711864406779662,0.8346485509732611
linear_svc,3,0.13,0.5189504373177842,0.39555555555555555,0.7542372881355932,0.8312347034470139
linear_svc,3,0.14,0.5426829268292683,0.4238095238095238,0.7542372881355932,0.8362954321919531
linear_svc,3,0.15,0.5488958990536278,0.4371859296482412,0.7372881355932204,0.8308572931677303
linear_svc,3,0.16,0.5448504983388704,0.44808743169398907,0.6949152542372882,0.8133820535693863
linear_svc,3,0.17,0.5540540540540541,0.4606741573033708,0.6949152542372882,0.8150689631510328
linear_svc,3,0.18,0.5625,0.4764705882352941,0.6864406779661016,0.8131933484297444
linear_svc,3,0.19,0.5693950177935944,0.49079754601226994,0.6779661016949152,0.810980351792127
linear_svc,3,0.2,0.5830258302583026,0.5163398692810458,0.6694915254237288,0.8097795009034974
linear_svc,3,0.21,0.5823754789272031,0.5314685314685315,0.6440677966101694,0.7994293099110226
linear_svc,3,0.22,0.5849802371541502,0.5481481481481482,0.6271186440677966,0.7929790251378119
linear_svc,3,0.23,0.5887096774193549,0.5615384615384615,0.6186440677966102,0.7900912646675359
linear_svc,3,0.24,0.5901639344262295,0.5714285714285714,0.6101694915254238,0.7868661222809306
linear_svc,3,0.25,0.5941422594142259,0.5867768595041323,0.6016949152542372,0.7839783618106544
linear_svc,3,0.26,0.5982905982905983,0.603448275862069,0.5932203389830508,0.7810906013403783
linear_svc,3,0.27,0.5851528384279476,0.6036036036036037,0.5677966101694916,0.7690535007662573
linear_svc,3,0.28,0.5882352941176471,0.6310679611650486,0.5508474576271186,0.7626032159930465
linear_svc,3,0.29,0.5806451612903226,0.6363636363636364,0.5338983050847458,0.7548034035545186
linear_svc,3,0.3,0.5849056603773585,0.6595744680851063,0.5254237288135594,0.7519156430842426
linear_svc,3,0.31,0.5714285714285714,0.6521739130434783,0.5084745762711864,0.7434410668130561
linear_svc,3,0.32,0.5714285714285714,0.6823529411764706,0.4915254237288136,0.7366534001235161
linear_svc,3,0.33,0.57,0.6951219512195121,0.4830508474576271,0.7330908758205814
linear_svc,3,0.34,0.5786802030456852,0.7215189873417721,0.4830508474576271,0.7341030215695693
linear_svc,3,0.35,0.5641025641025641,0.7142857142857143,0.4661016949152542,0.7256284452983828
linear_svc,3,0.36,0.5670103092783505,0.7236842105263158,0.4661016949152542,0.7259658272147121
linear_svc,3,0.37,0.5654450261780105,0.7397260273972602,0.4576271186440678,0.7224033029117776
linear_svc,3,0.38,0.5654450261780105,0.7397260273972602,0.4576271186440678,0.7224033029117776
linear_svc,3,0.39,0.5608465608465608,0.7464788732394366,0.4491525423728814,0.7185033966925136
linear_svc,3,0.4,0.5561497326203209,0.7536231884057971,0.4406779661016949,0.7146034904732496
linear_svc,3,0.41,0.5513513513513514,0.7611940298507462,0.4322033898305085,0.7107035842539857
linear_svc,3,0.42,0.5434782608695652,0.7575757575757576,0.423728813559322,0.7064662961183925
linear_svc,3,0.43,0.5434782608695652,0.7575757575757576,0.423728813559322,0.7064662961183925
linear_svc,3,0.44,0.5414364640883977,0.7777777777777778,0.4152542372881356,0.7029037718154578
linear_svc,3,0.45,0.5444444444444444,0.7903225806451613,0.4152542372881356,0.7032411537317871
linear_svc,3,0.46,0.547486033519553,0.8032786885245902,0.4152542372881356,0.7035785356481163
linear_svc,3,0.47,0.5310734463276836,0.7966101694915254,0.3983050847457627,0.6951039593769299
linear_svc,3,0.48,0.5287356321839081,0.8214285714285714,0.3898305084745763,0.6915414350739953
linear_svc,3,0.49,0.5348837209302325,0.8518518518518519,0.3898305084745763,0.6922161989066539
linear_svc,3,0.5,0.5348837209302325,0.8518518518518519,0.3898305084745763,0.6922161989066539
linear_svc,3,0.51,0.5263157894736842,0.8490566037735849,0.3813559322033898,0.6879789107710605
linear_svc,3,0.52,0.5294117647058824,0.8653846153846154,0.3813559322033898,0.6883162926873899
linear_svc,3,0.53,0.5207100591715976,0.8627450980392157,0.3728813559322034,0.6840790045517967
linear_svc,3,0.54,0.5149700598802395,0.8775510204081632,0.3644067796610169,0.6801790983325328
linear_svc,3,0.55,0.49696969696969695,0.8723404255319149,0.3474576271186441,0.6717045220613463
linear_svc,3,0.56,0.5,0.8913043478260869,0.3474576271186441,0.6720419039776756
linear_svc,3,0.57,0.484472049689441,0.9069767441860465,0.3305084745762712,0.6639047096228184
linear_svc,3,0.58,0.475,0.9047619047619048,0.3220338983050847,0.6596674214872252
linear_svc,3,0.59,0.46835443037974683,0.925,0.3135593220338983,0.6557675152679613
linear_svc,3,0.6,0.46835443037974683,0.925,0.3135593220338983,0.6557675152679613
linear_svc,3,0.61,0.44871794871794873,0.9210526315789473,0.2966101694915254,0.6472929389967749
linear_svc,3,0.62,0.44871794871794873,0.9210526315789473,0.2966101694915254,0.6472929389967749
linear_svc,3,0.63,0.44871794871794873,0.9210526315789473,0.2966101694915254,0.6472929389967749
linear_svc,3,0.64,0.43870967741935485,0.918918918918919,0.288135593220339,0.6430556508611817
linear_svc,3,0.65,0.43870967741935485,0.918918918918919,0.288135593220339,0.6430556508611817
linear_svc,3,0.66,0.42857142857142855,0.9166666666666666,0.2796610169491525,0.6388183627255885
linear_svc,3,0.67,0.43137254901960786,0.9428571428571428,0.2796610169491525,0.6391557446419177
linear_svc,3,0.68,0.43137254901960786,0.9428571428571428,0.2796610169491525,0.6391557446419177
linear_svc,3,0.69,0.42105263157894735,0.9411764705882353,0.2711864406779661,0.6349184565063245
linear_svc,3,0.7,0.4105960264900662,0.9393939393939394,0.2627118644067797,0.6306811683707313
linear_svc,3,0.71,0.40268456375838924,0.967741935483871,0.2542372881355932,0.6267812621514673
linear_svc,3,0.72,0.38095238095238093,0.9655172413793104,0.23728813559322035,0.6183066858802809
linear_svc,3,0.73,0.3698630136986301,0.9642857142857143,0.2288135593220339,0.6140693977446877
linear_svc,3,0.74,0.3586206896551724,0.9629629629629629,0.22033898305084745,0.6098321096090945
linear_svc,3,0.75,0.3380281690140845,1.0,0.2033898305084746,0.6016949152542372
linear_svc,3,0.76,0.3380281690140845,1.0,0.2033898305084746,0.6016949152542372
linear_svc,3,0.77,0.3262411347517731,1.0,0.19491525423728814,0.597457627118644
linear_svc,3,0.78,0.3142857142857143,1.0,0.1864406779661017,0.5932203389830508
linear_svc,3,0.79,0.302158273381295,1.0,0.17796610169491525,0.5889830508474576
linear_svc,3,0.8,0.2773722627737226,1.0,0.16101694915254236,0.5805084745762712
linear_svc,3,0.81,0.2518518518518518,1.0,0.1440677966101695,0.5720338983050848
linear_svc,3,0.82,0.22556390977443608,1.0,0.1271186440677966,0.5635593220338984
linear_svc,3,0.83,0.21212121212121213,1.0,0.11864406779661017,0.559322033898305
linear_svc,3,0.84,0.17054263565891473,1.0,0.09322033898305085,0.5466101694915254
linear_svc,3,0.85,0.12698412698412698,1.0,0.06779661016949153,0.5338983050847458
linear_svc,3,0.86,0.0967741935483871,1.0,0.05084745762711865,0.5254237288135594
linear_svc,3,0.87,0.08130081300813008,1.0,0.0423728813559322,0.521186440677966
linear_svc,3,0.88,0.08130081300813008,1.0,0.0423728813559322,0.521186440677966
linear_svc,3,0.89,0.08130081300813008,1.0,0.0423728813559322,0.521186440677966
linear_svc,3,0.9,0.06557377049180328,1.0,0.03389830508474576,0.5169491525423728
linear_svc,3,0.91,0.049586776859504134,1.0,0.025423728813559324,0.5127118644067796
linear_svc,3,0.92,0.049586776859504134,1.0,0.025423728813559324,0.5127118644067796
linear_svc,3,0.93,0.049586776859504134,1.0,0.025423728813559324,0.5127118644067796
linear_svc,3,0.94,0.049586776859504134,1.0,0.025423728813559324,0.5127118644067796
linear_svc,3,0.95,0.049586776859504134,1.0,0.025423728813559324,0.5127118644067796
logistic_regression,4,0.05,0.3431542461005199,0.21568627450980393,0.8389830508474576,0.7980340355451863
logistic_regression,4,0.06,0.3730769230769231,0.24129353233830847,0.8220338983050848,0.8081154646721105
logistic_regression,4,0.07,0.3917525773195876,0.25885558583106266,0.8050847457627118,0.8107744916397905
logistic_regression,4,0.08,0.41318681318681316,0.2789317507418398,0.7966101694915254,0.8163212790777465
logistic_regression,4,0.09,0.4326923076923077,0.30201342281879195,0.7627118644067796,0.8111804936068986
logistic_regression,4,0.1,0.45918367346938777,0.3284671532846715,0.7627118644067796,0.8192776595988014
logistic_regression,4,0.11,0.47493403693931396,0.3448275862068966,0.7627118644067796,0.8236636245110821
logistic_regression,4,0.12,0.4918032786885246,0.3629032258064516,0.7627118644067796,0.8280495894233628
logistic_regression,4,0.13,0.4943820224719101,0.3697478991596639,0.7457627118644068,0.8222740684828107
logistic_regression,4,0.14,0.5058139534883721,0.38495575221238937,0.7372881355932204,0.8217479814268396
logistic_regression,4,0.15,0.5060975609756098,0.3952380952380952,0.7033898305084746,0.8088474118804181
logistic_regression,4,0.16,0.515527950310559,0.4068627450980392,0.7033898305084746,0.8108717033783939
logistic_regression,4,0.17,0.5256410256410257,0.422680412371134,0.6949152542372882,0.8096708524897642
logistic_regression,4,0.18,0.5333333333333333,0.43956043956043955,0.6779661016949152,0.8045700953818706
logistic_regression,4,0.19,0.5467128027681661,0.4619883040935672,0.6694915254237288,0.8037066264095702
logistic_regression,4,0.2,0.5539568345323741,0.48125,0.652542372881356,0.7982684873853474
logistic_regression,4,0.21,0.5543071161048689,0.4966442953020134,0.6271186440677966,0.788255678309202
logistic_regression,4,0.22,0.5606060606060606,0.5068493150684932,0.6271186440677966,0.7892678240581898
logistic_regression,4,0.23,0.5615384615384615,0.5140845070422535,0.6186440677966102,0.7860426816715844
logistic_regression,4,0.24,0.5748031496062992,0.5367647058823529,0.6186440677966102,0.7880669731695602
logistic_regression,4,0.25,0.5748987854251012,0.5503875968992248,0.6016949152542372,0.7812793064800201
logistic_regression,4,0.26,0.5655737704918032,0.5476190476190477,0.5847457627118644,0.7731421121251629
logistic_regression,4,0.27,0.575,0.5655737704918032,0.5847457627118644,0.7744916397904802
logistic_regression,4,0.28,0.5775862068965517,0.5877192982456141,0.5677966101694916,0.7680413550172693
logistic_regression,4,0.29,0.5929203539823009,0.6203703703703703,0.5677966101694916,0.7700656465152451
logistic_regression,4,0.3,0.5829596412556054,0.6190476190476191,0.5508474576271186,0.761928452160388
logistic_regression,4,0.31,0.5882352941176471,0.6310679611650486,0.5508474576271186,0.7626032159930465
logistic_regression,4,0.32,0.5898617511520737,0.6464646464646465,0.5423728813559322,0.7593780736064412
logistic_regression,4,0.33,0.6009389671361502,0.6736842105263158,0.5423728813559322,0.7607276012717583
logistic_regression,4,0.34,0.6,0.6847826086956522,0.5338983050847458,0.7571650769688236
logistic_regression,4,0.35,0.6057692307692307,0.7,0.5338983050847458,0.7578398408014821
logistic_regression,4,0.36,0.5841584158415841,0.7023809523809523,0.5,0.7415654520917678
logistic_regression,4,0.37,0.5757575757575758,0.7125,0.4830508474576271,0.73376563965324
logistic_regression,4,0.38,0.5743589743589743,0.7272727272727273,0.4745762711864407,0.7302031153503054
logistic_regression,4,0.39,0.5670103092783505,0.7236842105263158,0.4661016949152542,0.7259658272147121
logistic_regression,4,0.4,0.5638297872340425,0.7571428571428571,0.4491525423728814,0.7188407786088429
logistic_regression,4,0.41,0.5561497326203209,0.7536231884057971,0.4406779661016949,0.7146034904732496
logistic_regression,4,0.42,0.5483870967741935,0.75,0.4322033898305085,0.7103662023376563
logistic_regression,4,0.43,0.546448087431694,0.7692307692307693,0.423728813559322,0.7068036780347218
logistic_regression,4,0.44,0.5384615384615384,0.765625,0.4152542372881356,0.7025663898991286
logistic_regression,4,0.45,0.5384615384615384,0.765625,0.4152542372881356,0.7025663898991286
logistic_regression,4,0.46,0.5414364640883977,0.7777777777777778,0.4152542372881356,0.7029037718154578
logistic_regression,4,0.47,0.547486033519553,0.8032786885245902,0.4152542372881356,0.7035785356481163
logistic_regression,4,0.48,0.547486033519553,0.8032786885245902,0.4152542372881356,0.7035785356481163
logistic_regression,4,0.49,0.5423728813559322,0.8135593220338984,0.4067796610169492,0.6996786294288524
logistic_regression,4,0.5,0.5340909090909091,0.8103448275862069,0.3983050847457627,0.6954413412932592
logistic_regression,4,0.51,0.5340909090909091,0.8103448275862069,0.3983050847457627,0.6954413412932592
logistic_regression,4,0.52,0.5317919075144508,0.8363636363636363,0.3898305084745763,0.6918788169903246
logistic_regression,4,0.53,0.5263157894736842,0.8490566037735849,0.3813559322033898,0.6879789107710605
logistic_regression,4,0.54,0.5263157894736842,0.8490566037735849,0.3813559322033898,0.6879789107710605
logistic_regression,4,0.55,0.5294117647058824,0.8653846153846154,0.3813559322033898,0.6883162926873899
logistic_regression,4,0.56,0.5294117647058824,0.8653846153846154,0.3813559322033898,0.6883162926873899
logistic_regression,4,0.57,0.5207100591715976,0.8627450980392157,0.3728813559322034,0.6840790045517967
logistic_regression,4,0.58,0.5119047619047619,0.86,0.3644067796610169,0.6798417164162035
logistic_regression,4,0.59,0.5029940119760479,0.8571428571428571,0.3559322033898305,0.6756044282806103
logistic_regression,4,0.6,0.4939759036144578,0.8541666666666666,0.3474576271186441,0.6713671401450171
logistic_regression,4,0.61,0.4878048780487805,0.8695652173913043,0.3389830508474576,0.667467233925753
logistic_regression,4,0.62,0.48148148148148145,0.8863636363636364,0.3305084745762712,0.6635673277064892
logistic_regression,4,0.63,0.484472049689441,0.9069767441860465,0.3305084745762712,0.6639047096228184
logistic_regression,4,0.64,0.46540880503144655,0.9024390243902439,0.3135593220338983,0.655430133351632
logistic_regression,4,0.65,0.445859872611465,0.8974358974358975,0.2966101694915254,0.6469555570804455
logistic_regression,4,0.66,0.4358974358974359,0.8947368421052632,0.288135593220339,0.6427182689448523
logistic_regression,4,0.67,0.42857142857142855,0.9166666666666666,0.2796610169491525,0.6388183627255885
logistic_regression,4,0.68,0.41830065359477125,0.9142857142857143,0.2711864406779661,0.6345810745899952
logistic_regression,4,0.69,0.40789473684210525,0.9117647058823529,0.2627118644067797,0.630343786454402
logistic_regression,4,0.7,0.40789473684210525,0.9117647058823529,0.2627118644067797,0.630343786454402
logistic_regression,4,0.71,0.38926174496644295,0.9354838709677419,0.2457627118644068,0.6222065920995448
logistic_regression,4,0.72,0.3783783783783784,0.9333333333333333,0.23728813559322035,0.6179693039639516
logistic_regression,4,0.73,0.3561643835616438,0.9285714285714286,0.22033898305084745,0.6094947276927651
logistic_regression,4,0.74,0.3561643835616438,0.9285714285714286,0.22033898305084745,0.6094947276927651
logistic_regression,4,0.75,0.3586206896551724,0.9629629629629629,0.22033898305084745,0.6098321096090945
logistic_regression,4,0.76,0.3586206896551724,0.9629629629629629,0.22033898305084745,0.6098321096090945
logistic_regression,4,0.77,0.3472222222222222,0.9615384615384616,0.211864406779661,0.6055948214735012
logistic_regression,4,0.78,0.3380281690140845,1.0,0.2033898305084746,0.6016949152542372
logistic_regression,4,0.79,0.3142857142857143,1.0,0.1864406779661017,0.5932203389830508
logistic_regression,4,0.8,0.3142857142857143,1.0,0.1864406779661017,0.5932203389830508
logistic_regression,4,0.81,0.302158273381295,1.0,0.17796610169491525,0.5889830508474576
logistic_regression,4,0.82,0.302158273381295,1.0,0.17796610169491525,0.5889830508474576
logistic_regression,4,0.83,0.2647058823529412,1.0,0.15254237288135594,0.576271186440678
logistic_regression,4,0.84,0.22556390977443608,1.0,0.1271186440677966,0.5635593220338984
logistic_regression,4,0.85,0.21212121212121213,1.0,0.11864406779661017,0.559322033898305
logistic_regression,4,0.86,0.1984732824427481,1.0,0.11016949152542373,0.5550847457627118
logistic_regression,4,0.87,0.18461538461538463,1.0,0.1016949152542373,0.5508474576271186
logistic_regression,4,0.88,0.15625,1.0,0.0847457627118644,0.5423728813559322
logistic_regression,4,0.89,0.15625,1.0,0.0847457627118644,0.5423728813559322
logistic_regression,4,0.9,0.12698412698412698,1.0,0.06779661016949153,0.5338983050847458
logistic_regression,4,0.91,0.112,1.0,0.059322033898305086,0.5296610169491526
logistic_regression,4,0.92,0.0967741935483871,1.0,0.05084745762711865,0.5254237288135594
logistic_regression,4,0.93,0.0967741935483871,1.0,0.05084745762711865,0.5254237288135594
logistic_regression,4,0.94,0.08130081300813008,1.0,0.0423728813559322,0.521186440677966
logistic_regression,4,0.95,0.06557377049180328,1.0,0.03389830508474576,0.5169491525423728
linear_svc,4,0.05,0.32051282051282054,0.1976284584980237,0.847457627118644,0.7867517555296324
linear_svc,4,0.06,0.35125448028673834,0.22272727272727272,0.8305084745762712,0.7998696219035202
linear_svc,4,0.07,0.37721021611001965,0.24552429667519182,0.8135593220338984,0.8072519956998101
linear_svc,4,0.08,0.4017094017094017,0.26857142857142857,0.7966101694915254,0.8119353141654658
linear_svc,4,0.09,0.41363636363636364,0.2826086956521739,0.7711864406779662,0.8076579976669183
linear_svc,4,0.1,0.4466501240694789,0.3157894736842105,0.7627118644067796,0.8155664585191793
linear_svc,4,0.11,0.4712041884816754,0.3409090909090909,0.7627118644067796,0.8226514787620942
linear_svc,4,0.12,0.483695652173913,0.356,0.7542372881355932,0.8228001555387818
linear_svc,4,0.13,0.49162011173184356,0.36666666666666664,0.7457627118644068,0.8215993046501522
linear_svc,4,0.14,0.5014577259475219,0.38222222222222224,0.7288135593220338,0.8175106932912464
linear_svc,4,0.15,0.4954682779456193,0.38497652582159625,0.6949152542372882,0.8032605960795078
linear_svc,4,0.16,0.5093167701863354,0.4019607843137255,0.6949152542372882,0.8062970333264714
linear_svc,4,0.17,0.5263157894736842,0.43010752688172044,0.6779661016949152,0.8032205677165534
linear_svc,4,0.18,0.535593220338983,0.4463276836158192,0.6694915254237288,0.8016823349115945
linear_svc,4,0.19,0.5473684210526316,0.46706586826347307,0.6610169491525424,0.8004814840229648
linear_svc,4,0.2,0.5448028673835126,0.4720496894409938,0.6440677966101694,0.7933564354170954
linear_svc,4,0.21,0.5481481481481482,0.4868421052631579,0.6271186440677966,0.7872435325602141
linear_svc,4,0.22,0.553030303030303,0.5,0.6186440677966102,0.7846931540062674
linear_svc,4,0.23,0.5634920634920635,0.5298507462686567,0.6016949152542372,0.7795923968983737
linear_svc,4,0.24,0.563265306122449,0.5433070866141733,0.5847457627118644,0.7728047302088337
linear_svc,4,0.25,0.575,0.5655737704918032,0.5847457627118644,0.7744916397904802
linear_svc,4,0.26,0.5897435897435898,0.5948275862068966,0.5847457627118644,0.7765159312884558
linear_svc,4,0.27,0.591304347826087,0.6071428571428571,0.576271186440678,0.7732907889018505
linear_svc,4,0.28,0.5964912280701754,0.6181818181818182,0.576271186440678,0.7739655527345091
linear_svc,4,0.29,0.6044444444444445,0.6355140186915887,0.576271186440678,0.7749776984834968
linear_svc,4,0.3,0.6098654708520179,0.6476190476190476,0.576271186440678,0.7756524623161555
linear_svc,4,0.31,0.6082949308755761,0.6666666666666666,0.559322033898305,0.7685274137102861
linear_svc,4,0.32,0.6,0.6847826086956522,0.5338983050847458,0.7571650769688236
linear_svc,4,0.33,0.6057692307692307,0.7,0.5338983050847458,0.7578398408014821
linear_svc,4,0.34,0.6019417475728155,0.7045454545454546,0.5254237288135594,0.7539399345822182
linear_svc,4,0.35,0.594059405940594,0.7142857142857143,0.5084745762711864,0.7461401221436903
linear_svc,4,0.36,0.5858585858585859,0.725,0.4915254237288136,0.7383403097051625
linear_svc,4,0.37,0.5743589743589743,0.7272727272727273,0.4745762711864407,0.7302031153503054
linear_svc,4,0.38,0.5773195876288659,0.7368421052631579,0.4745762711864407,0.7305404972666346
linear_svc,4,0.39,0.5789473684210527,0.7638888888888888,0.4661016949152542,0.7273153548800293
linear_svc,4,0.4,0.5851063829787234,0.7857142857142857,0.4661016949152542,0.7279901187126878
linear_svc,4,0.41,0.572972972972973,0.7910447761194029,0.4491525423728814,0.7198529243578307
linear_svc,4,0.42,0.5573770491803278,0.7846153846153846,0.4322033898305085,0.7113783480866442
linear_svc,4,0.43,0.5494505494505495,0.78125,0.423728813559322,0.707141059951051
linear_svc,4,0.44,0.547486033519553,0.8032786885245902,0.4152542372881356,0.7035785356481163
linear_svc,4,0.45,0.550561797752809,0.8166666666666667,0.4152542372881356,0.7039159175644456
linear_svc,4,0.46,0.5340909090909091,0.8103448275862069,0.3983050847457627,0.6954413412932592
linear_svc,4,0.47,0.5402298850574713,0.8392857142857143,0.3983050847457627,0.6961161051259178
linear_svc,4,0.48,0.5433526011560693,0.8545454545454545,0.3983050847457627,0.6964534870422471
linear_svc,4,0.49,0.5263157894736842,0.8490566037735849,0.3813559322033898,0.6879789107710605
linear_svc,4,0.5,0.5263157894736842,0.8490566037735849,0.3813559322033898,0.6879789107710605
linear_svc,4,0.51,0.5207100591715976,0.8627450980392157,0.3728813559322034,0.6840790045517967
linear_svc,4,0.52,0.5207100591715976,0.8627450980392157,0.3728813559322034,0.6840790045517967
linear_svc,4,0.53,0.5238095238095238,0.88,0.3728813559322034,0.684416386468126
linear_svc,4,0.54,0.5180722891566265,0.8958333333333334,0.3644067796610169,0.680516480248862
linear_svc,4,0.55,0.5180722891566265,0.8958333333333334,0.3644067796610169,0.680516480248862
linear_svc,4,0.56,0.484472049689441,0.9069767441860465,0.3305084745762712,0.6639047096228184
linear_svc,4,0.57,0.484472049689441,0.9069767441860465,0.3305084745762712,0.6639047096228184
linear_svc,4,0.58,0.46540880503144655,0.9024390243902439,0.3135593220338983,0.655430133351632
linear_svc,4,0.59,0.45569620253164556,0.9,0.3050847457627119,0.6511928452160388
linear_svc,4,0.6,0.44871794871794873,0.9210526315789473,0.2966101694915254,0.6472929389967749
linear_svc,4,0.61,0.43870967741935485,0.918918918918919,0.288135593220339,0.6430556508611817
linear_svc,4,0.62,0.41830065359477125,0.9142857142857143,0.2711864406779661,0.6345810745899952
linear_svc,4,0.63,0.41830065359477125,0.9142857142857143,0.2711864406779661,0.6345810745899952
linear_svc,4,0.64,0.40789473684210525,0.9117647058823529,0.2627118644067797,0.630343786454402
linear_svc,4,0.65,0.40789473684210525,0.9117647058823529,0.2627118644067797,0.630343786454402
linear_svc,4,0.66,0.38926174496644295,0.9354838709677419,0.2457627118644068,0.6222065920995448
linear_svc,4,0.67,0.3673469387755102,0.9310344827586207,0.2288135593220339,0.6137320158283583
linear_svc,4,0.68,0.3673469387755102,0.9310344827586207,0.2288135593220339,0.6137320158283583
linear_svc,4,0.69,0.3561643835616438,0.9285714285714286,0.22033898305084745,0.6094947276927651
linear_svc,4,0.7,0.3561643835616438,0.9285714285714286,0.22033898305084745,0.6094947276927651
linear_svc,4,0.71,0.3356643356643357,0.96,0.2033898305084746,0.601357533337908
linear_svc,4,0.72,0.3380281690140845,1.0,0.2033898305084746,0.6016949152542372
linear_svc,4,0.73,0.3262411347517731,1.0,0.19491525423728814,0.597457627118644
linear_svc,4,0.74,0.3262411347517731,1.0,0.19491525423728814,0.597457627118644
linear_svc,4,0.75,0.302158273381295,1.0,0.17796610169491525,0.5889830508474576
linear_svc,4,0.76,0.2898550724637681,1.0,0.1694915254237288,0.5847457627118644
linear_svc,4,0.77,0.2518518518518518,1.0,0.1440677966101695,0.5720338983050848
linear_svc,4,0.78,0.23880597014925373,1.0,0.13559322033898305,0.5677966101694916
linear_svc,4,0.79,0.23880597014925373,1.0,0.13559322033898305,0.5677966101694916
linear_svc,4,0.8,0.23880597014925373,1.0,0.13559322033898305,0.5677966101694916
linear_svc,4,0.81,0.22556390977443608,1.0,0.1271186440677966,0.5635593220338984
linear_svc,4,0.82,0.18461538461538463,1.0,0.1016949152542373,0.5508474576271186
linear_svc,4,0.83,0.17054263565891473,1.0,0.09322033898305085,0.5466101694915254
linear_svc,4,0.84,0.17054263565891473,1.0,0.09322033898305085,0.5466101694915254
linear_svc,4,0.85,0.15625,1.0,0.0847457627118644,0.5423728813559322
linear_svc,4,0.86,0.112,1.0,0.059322033898305086,0.5296610169491526
linear_svc,4,0.87,0.0967741935483871,1.0,0.05084745762711865,0.5254237288135594
linear_svc,4,0.88,0.08130081300813008,1.0,0.0423728813559322,0.521186440677966
linear_svc,4,0.89,0.08130081300813008,1.0,0.0423728813559322,0.521186440677966
linear_svc,4,0.9,0.08130081300813008,1.0,0.0423728813559322,0.521186440677966
linear_svc,4,0.91,0.06557377049180328,1.0,0.03389830508474576,0.5169491525423728
linear_svc,4,0.92,0.06557377049180328,1.0,0.03389830508474576,0.5169491525423728
linear_svc,4,0.93,0.06557377049180328,1.0,0.03389830508474576,0.5169491525423728
linear_svc,4,0.94,0.049586776859504134,1.0,0.025423728813559324,0.5127118644067796
linear_svc,4,0.95,0.03333333333333333,1.0,0.01694915254237288,0.5084745762711864
