condition,model,feature,pi_mean,pi_std,n_observations,top10_fold_count
after,knn,area error,0.002048853697665974,0.006633488324021988,150,1
after,knn,compactness error,0.0009418827304248686,0.008089963417131325,150,2
after,knn,concave points error,-0.0014004036640273396,0.007823854674767964,150,0
after,knn,concavity error,0.0018144180510272548,0.006536811258631471,150,2
after,knn,fractal dimension error,0.0008197484862598755,0.008471679591209378,150,1
after,knn,mean area,0.004227086891269437,0.008389932860610015,150,2
after,knn,mean compactness,-0.002279149200434726,0.007017315403568685,150,0
after,knn,mean concave points,5.175179837335619e-07,0.009378041790974803,150,0
after,knn,mean concavity,0.0009962221187186052,0.009414644012970647,150,1
after,knn,mean fractal dimension,-0.0005837602856699431,0.0084368308547792,150,0
after,knn,mean perimeter,0.002993841535993344,0.008868815149531532,150,2
after,knn,mean radius,0.003639186461729513,0.009124376750804407,150,2
after,knn,mean smoothness,0.0021026755679759684,0.008788891455168748,150,2
after,knn,mean symmetry,0.0010536666149148462,0.00838423198086211,150,0
after,knn,mean texture,0.00540185271438179,0.010865492696020695,150,3
after,knn,perimeter error,0.00046576618537492434,0.008194818690414848,150,0
after,knn,radius error,0.0036785178284945157,0.01082705122107176,150,3
after,knn,smoothness error,-0.00208456243854476,0.009499387895319057,150,1
after,knn,symmetry error,0.001399368628059808,0.00845402846929291,150,1
after,knn,texture error,-5.175179837500672e-05,0.0108868722786995,150,1
after,knn,worst area,0.004581069192154399,0.010186698345051278,150,3
after,knn,worst compactness,-0.0032168917869896114,0.009127007297164494,150,0
after,knn,worst concave points,0.004268488329969441,0.012772341502790708,150,2
after,knn,worst concavity,0.004503959012575661,0.009844591355348183,150,3
after,knn,worst fractal dimension,0.0028660145940071122,0.010260454084358566,150,2
after,knn,worst perimeter,0.005631630699166758,0.010839691155436317,150,3
after,knn,worst radius,0.005930756093774221,0.010568879860904283,150,3
after,knn,worst smoothness,0.007416032707136549,0.014418269171233063,150,3
after,knn,worst symmetry,0.0037525229001707464,0.009289476334594829,150,2
after,knn,worst texture,0.010717797443461127,0.013448566347175134,150,5
after,linear_svc,area error,0.026317342027635433,0.015312763434137209,150,4
after,linear_svc,compactness error,-0.0015789473684210656,0.010317706040207089,150,0
after,linear_svc,concave points error,0.013717849195259525,0.012452627312240618,150,2
after,linear_svc,concavity error,0.0015230554261760506,0.007937256357097853,150,0
after,linear_svc,fractal dimension error,0.019991202194276223,0.019532683701573527,150,4
after,linear_svc,mean area,-0.0005930756093774262,0.004165466403044406,150,0
after,linear_svc,mean compactness,0.01872690575997515,0.022024119606524478,150,3
after,linear_svc,mean concave points,0.030929979816798608,0.01934682455843023,150,5
after,linear_svc,mean concavity,0.025094447032034346,0.02387494212160483,150,3
after,linear_svc,mean fractal dimension,-0.00012213424416499454,0.004553420244658204,150,0
after,linear_svc,mean perimeter,-0.0008865083061636418,0.005367502790421649,150,0
after,linear_svc,mean radius,0.00010764374061997817,0.006597951503197108,150,0
after,linear_svc,mean smoothness,0.0017533509289447702,0.008131661870018238,150,0
after,linear_svc,mean symmetry,0.0014604357501423186,0.005974049475456086,150,0
after,linear_svc,mean texture,0.000699166796046163,0.004379245632637232,150,0
after,linear_svc,perimeter error,0.004566061170625673,0.011260117109783358,150,1
after,linear_svc,radius error,0.029616519174041282,0.019891812988839172,150,4
after,linear_svc,smoothness error,0.004497231278786927,0.010555925105514508,150,0
after,linear_svc,symmetry error,0.00216374269005847,0.007394270053092579,150,0
after,linear_svc,texture error,0.007133985405992845,0.01106020327255824,150,0
after,linear_svc,worst area,0.036822957097759124,0.02138366860661885,150,5
after,linear_svc,worst compactness,0.0039729855612482415,0.009020590833591871,150,0
after,linear_svc,worst concave points,0.003970915489313247,0.010745762437455448,150,1
after,linear_svc,worst concavity,0.018639445220721404,0.022695716584164815,150,2
after,linear_svc,worst fractal dimension,0.023719919267194516,0.030942791655974106,150,3
after,linear_svc,worst perimeter,0.015350100916006812,0.01370035524616825,150,2
after,linear_svc,worst radius,0.02678880091083163,0.016578026580064176,150,5
after,linear_svc,worst smoothness,0.0029234590902033745,0.008053914667327161,150,0
after,linear_svc,worst symmetry,0.011704704238472271,0.013393064695274067,150,2
after,linear_svc,worst texture,0.03789680691404024,0.03304853750512831,150,4
after,logistic_regression,area error,0.006802773896392898,0.010921609435348681,150,2
after,logistic_regression,compactness error,0.0007700667598199059,0.00975741617923809,150,0
after,logistic_regression,concave points error,0.0019313771153547622,0.005171183402906852,150,1
after,logistic_regression,concavity error,-0.00122807017543859,0.003940002547082687,150,1
after,logistic_regression,fractal dimension error,0.004157739481446974,0.00994633873605486,150,1
after,logistic_regression,mean area,0.0014640583760285682,0.007289439901394686,150,0
after,logistic_regression,mean compactness,-0.0024499301350721886,0.00992168762162879,150,0
after,logistic_regression,mean concave points,0.009022926046680126,0.011371027247817554,150,5
after,logistic_regression,mean concavity,0.007498835584536561,0.011341784085556472,150,4
after,logistic_regression,mean fractal dimension,-0.002221187186254719,0.006908439418139003,150,0
after,logistic_regression,mean perimeter,0.000760751436112408,0.006659969567341793,150,0
after,logistic_regression,mean radius,0.0008202660042436498,0.006769645066705368,150,0
after,logistic_regression,mean smoothness,0.0008187134502923987,0.004353069464871643,150,1
after,logistic_regression,mean symmetry,-0.0006432748538011708,0.004202161451667465,150,0
after,logistic_regression,mean texture,-0.0015748072245510476,0.008751526747087669,150,0
after,logistic_regression,perimeter error,0.004274181027790715,0.009791137506603535,150,2
after,logistic_regression,radius error,0.014758577860580662,0.01420711675751026,150,5
after,logistic_regression,smoothness error,0.0006432748538011723,0.005934347504779608,150,1
after,logistic_regression,symmetry error,-0.004912280701754386,0.008286335585762458,150,0
after,logistic_regression,texture error,-0.0007017543859649115,0.007005759562737227,150,0
after,logistic_regression,worst area,0.007511773534130312,0.012739318126925261,150,4
after,logistic_regression,worst compactness,0.0,0.0024893882623179134,150,1
after,logistic_regression,worst concave points,0.006796046162604155,0.012080685261051305,150,2
after,logistic_regression,worst concavity,0.008322206696682715,0.01273765410112242,150,3
after,logistic_regression,worst fractal dimension,-0.0010515965429798706,0.010460363874887958,150,1
after,logistic_regression,worst perimeter,0.005399265124463076,0.011508513083751315,150,2
after,logistic_regression,worst radius,0.008918387413962635,0.012478579883069323,150,4
after,logistic_regression,worst smoothness,0.006911970190964139,0.01247668809557482,150,2
after,logistic_regression,worst symmetry,0.009197847125187609,0.009820616677554756,150,5
after,logistic_regression,worst texture,0.017177974434611606,0.02075934857234731,150,3
after,random_forest,area error,-0.001225482585519846,0.005665809015013615,150,1
after,random_forest,compactness error,0.0012280701754386026,0.004068963306680542,150,2
after,random_forest,concave points error,0.0007017543859649145,0.0023877373404377848,150,1
after,random_forest,concavity error,0.0009941520467836302,0.0037391499309795077,150,1
after,random_forest,fractal dimension error,0.0005263157894736873,0.0025366528446336286,150,2
after,random_forest,mean area,0.0011695906432748514,0.004730565533708543,150,3
after,random_forest,mean compactness,0.0,0.0,150,1
after,random_forest,mean concave points,-0.0006236091704186811,0.01192449245714632,150,2
after,random_forest,mean concavity,-0.0011654504994048542,0.006953842880973227,150,1
after,random_forest,mean fractal dimension,4.440892098500626e-18,0.0024893882623178982,150,1
after,random_forest,mean perimeter,-0.0009356725146198822,0.005486703092296575,150,2
after,random_forest,mean radius,0.00017543859649121974,0.0054226396573150894,150,1
after,random_forest,mean smoothness,0.0018760026910935243,0.004269579411598473,150,3
after,random_forest,mean symmetry,0.001345029239766086,0.003626977853567428,150,1
after,random_forest,mean texture,0.002458210422812202,0.005938607681092918,150,3
after,random_forest,perimeter error,-0.00017543859649122564,0.003865905892771503,150,1
after,random_forest,radius error,0.00017543859649122714,0.003127461713801389,150,1
after,random_forest,smoothness error,0.0009356725146198897,0.003955264636114245,150,1
after,random_forest,symmetry error,0.0015789473684210576,0.003812098037003735,150,2
after,random_forest,texture error,0.00023391812865497446,0.0026785838267491557,150,0
after,random_forest,worst area,0.011602235677689797,0.012184654946752341,150,5
after,random_forest,worst compactness,0.001520467836257311,0.005255957501235204,150,2
after,random_forest,worst concave points,0.006518656523314178,0.012539074100136835,150,3
after,random_forest,worst concavity,0.0007731718677223968,0.009278490089906518,150,3
after,random_forest,worst fractal dimension,0.0006432748538011739,0.0028918125777841618,150,1
after,random_forest,worst perimeter,0.0002923976608187136,0.0074969217850929535,150,1
after,random_forest,worst radius,0.003216374269005846,0.008093171018374111,150,2
after,random_forest,worst smoothness,0.002464420638617193,0.0059452883115449755,150,3
after,random_forest,worst symmetry,0.0019883040935672605,0.004446963865613634,150,2
after,random_forest,worst texture,0.007620452310717798,0.008309439476402952,150,4
before,knn,area error,0.005564353361279319,0.007296323590174309,150,5
before,knn,compactness error,0.0,0.0,150,5
before,knn,concave points error,0.0,0.0,150,5
before,knn,concavity error,0.0,0.0,150,5
before,knn,fractal dimension error,0.0,0.0,150,5
before,knn,mean area,0.11061998654453244,0.06067255910058096,150,5
before,knn,mean compactness,0.0,0.0,150,5
before,knn,mean concave points,0.0,0.0,150,5
before,knn,mean concavity,0.0,0.0,150,5
before,knn,mean fractal dimension,0.0,0.0,150,5
before,knn,mean perimeter,0.0016410495264710463,0.0051256932977560305,150,4
before,knn,mean radius,0.0,0.0,150,5
before,knn,mean smoothness,0.0,0.0,150,5
before,knn,mean symmetry,0.0,0.0,150,5
before,knn,mean texture,0.00046783625730994295,0.0019776323180571266,150,5
before,knn,perimeter error,0.0,0.0,150,5
before,knn,radius error,0.0,0.0,150,5
before,knn,smoothness error,0.0,0.0,150,5
before,knn,symmetry error,0.0,0.0,150,5
before,knn,texture error,0.0,0.0,150,5
before,knn,worst area,0.3814423226207111,0.04568928561009901,150,5
before,knn,worst compactness,0.0,0.0,150,5
before,knn,worst concave points,0.0,0.0,150,5
before,knn,worst concavity,0.0,0.0,150,5
before,knn,worst fractal dimension,0.0,0.0,150,5
before,knn,worst perimeter,0.0032872742327795966,0.008786733249110197,150,3
before,knn,worst radius,0.0,0.0,150,5
before,knn,worst smoothness,0.0,0.0,150,5
before,knn,worst symmetry,0.0,0.0,150,5
before,knn,worst texture,0.0031056254204833702,0.004215548479861974,150,5
before,linear_svc,area error,0.08901568079490761,0.05767136636474119,150,5
before,linear_svc,compactness error,0.0,0.0,150,3
before,linear_svc,concave points error,0.0,0.0,150,3
before,linear_svc,concavity error,0.0,0.0,150,3
before,linear_svc,fractal dimension error,0.0,0.0,150,3
before,linear_svc,mean area,0.14397350307923198,0.13831414240525,150,4
before,linear_svc,mean compactness,5.847953216374287e-05,0.0012433103684952934,150,2
before,linear_svc,mean concave points,0.0002923976608187144,0.0015798846815178375,150,3
before,linear_svc,mean concavity,-0.0004109092790974496,0.004110895349066729,150,1
before,linear_svc,mean fractal dimension,0.0,0.0,150,3
before,linear_svc,mean perimeter,0.3041675723231382,0.085156630971353,150,5
before,linear_svc,mean radius,0.12851679345857267,0.04368632375186682,150,5
before,linear_svc,mean smoothness,0.0,0.0,150,3
before,linear_svc,mean symmetry,0.00017543859649122863,0.0012321843249038348,150,3
before,linear_svc,mean texture,-0.0012332453552761048,0.014974536784156669,150,2
before,linear_svc,perimeter error,1.5525539512288114e-06,0.011732545589643725,150,2
before,linear_svc,radius error,-0.00040935672514620013,0.002116386746668931,150,2
before,linear_svc,smoothness error,0.0,0.0,150,3
before,linear_svc,symmetry error,0.0,0.0,150,3
before,linear_svc,texture error,0.011872897583190996,0.01899848466266021,150,4
before,linear_svc,worst area,0.3446995808104331,0.17377633212269677,150,5
before,linear_svc,worst compactness,-0.00310614293846712,0.004791593287430204,150,0
before,linear_svc,worst concave points,0.00023391812865497147,0.004183686713637371,150,2
before,linear_svc,worst concavity,-0.0008854732701961436,0.008621510296355214,150,0
before,linear_svc,worst fractal dimension,0.0,0.0,150,3
before,linear_svc,worst perimeter,0.05057496247994616,0.06853479044707428,150,3
before,linear_svc,worst radius,0.024964550018113117,0.042248316731038085,150,2
before,linear_svc,worst smoothness,0.00035087719298245725,0.00172469878004009,150,3
before,linear_svc,worst symmetry,-0.0005858303576049284,0.004024715873003,150,0
before,linear_svc,worst texture,0.08036899032241368,0.0536008035803239,150,5
before,logistic_regression,area error,0.10270610153702839,0.05690468071418364,150,5
before,logistic_regression,compactness error,0.0,0.0,150,2
before,logistic_regression,concave points error,0.0,0.0,150,2
before,logistic_regression,concavity error,0.0,0.0,150,2
before,logistic_regression,fractal dimension error,0.0,0.0,150,2
before,logistic_regression,mean area,0.0847145888319619,0.04142656314355899,150,5
before,logistic_regression,mean compactness,0.00017543859649122863,0.0012321843249038348,150,2
before,logistic_regression,mean concave points,0.00023391812865497147,0.0014179561757862494,150,2
before,logistic_regression,mean concavity,0.00040935672514620013,0.001856407967387971,150,2
before,logistic_regression,mean fractal dimension,0.0,0.0,150,2
before,logistic_regression,mean perimeter,0.2681498732080939,0.09905832740330983,150,5
before,logistic_regression,mean radius,0.03074522589659989,0.026427142419412925,150,5
before,logistic_regression,mean smoothness,0.0,0.0,150,2
before,logistic_regression,mean symmetry,5.847953216374287e-05,0.0007162250709892357,150,2
before,logistic_regression,mean texture,0.003448222325725814,0.01309604385352298,150,1
before,logistic_regression,perimeter error,0.005208818506443095,0.010219929459348813,150,2
before,logistic_regression,radius error,0.00023391812865497147,0.0014179561757862492,150,2
before,logistic_regression,smoothness error,0.0,0.0,150,2
before,logistic_regression,symmetry error,0.0,0.0,150,2
before,logistic_regression,texture error,0.007835222273974015,0.010677115881145418,150,4
before,logistic_regression,worst area,0.2775945764115303,0.07751895353240713,150,5
before,logistic_regression,worst compactness,0.001518915282306065,0.004162806559592016,150,1
before,logistic_regression,worst concave points,0.00040935672514620013,0.0018564079673879708,150,2
before,logistic_regression,worst concavity,0.00543859649122808,0.007023346766865965,150,4
before,logistic_regression,worst fractal dimension,0.0,0.0,150,2
before,logistic_regression,worst perimeter,0.17269471614138587,0.0629625522866648,150,5
before,logistic_regression,worst radius,0.00731201159240283,0.012597625709964326,150,3
before,logistic_regression,worst smoothness,0.0,0.0,150,2
before,logistic_regression,worst symmetry,0.00035087719298245725,0.00172469878004009,150,2
before,logistic_regression,worst texture,0.06943487036174505,0.03533076327040472,150,5
before,random_forest,area error,-0.001225482585519846,0.005665809015013615,150,1
before,random_forest,compactness error,0.0012280701754386026,0.004068963306680542,150,2
before,random_forest,concave points error,0.0007017543859649145,0.0023877373404377848,150,1
before,random_forest,concavity error,0.0009941520467836302,0.0037391499309795077,150,1
before,random_forest,fractal dimension error,0.0005263157894736873,0.0025366528446336286,150,2
before,random_forest,mean area,0.0011695906432748514,0.004730565533708543,150,3
before,random_forest,mean compactness,0.0,0.0,150,1
before,random_forest,mean concave points,-0.00120840449205611,0.011299912693981468,150,2
before,random_forest,mean concavity,-0.0011654504994048542,0.006953842880973227,150,1
before,random_forest,mean fractal dimension,4.440892098500626e-18,0.0024893882623178982,150,1
before,random_forest,mean perimeter,-0.0009356725146198822,0.005486703092296575,150,2
before,random_forest,mean radius,0.00017543859649121974,0.0054226396573150894,150,1
before,random_forest,mean smoothness,0.0018760026910935243,0.004269579411598473,150,3
before,random_forest,mean symmetry,0.001345029239766086,0.003626977853567428,150,1
before,random_forest,mean texture,0.002458210422812202,0.005938607681092918,150,3
before,random_forest,perimeter error,-0.00017543859649122564,0.003865905892771503,150,1
before,random_forest,radius error,0.00017543859649122714,0.003127461713801389,150,1
before,random_forest,smoothness error,0.0009356725146198897,0.003955264636114245,150,1
before,random_forest,symmetry error,0.0015789473684210576,0.003812098037003735,150,2
before,random_forest,texture error,0.00023391812865497446,0.0026785838267491557,150,0
before,random_forest,worst area,0.011602235677689797,0.012184654946752341,150,5
before,random_forest,worst compactness,0.001520467836257311,0.005255957501235204,150,2
before,random_forest,worst concave points,0.006518656523314178,0.012539074100136835,150,3
before,random_forest,worst concavity,0.0007731718677223968,0.009278490089906518,150,3
before,random_forest,worst fractal dimension,0.0006432748538011739,0.0028918125777841618,150,1
before,random_forest,worst perimeter,0.0002923976608187136,0.0074969217850929535,150,1
before,random_forest,worst radius,0.003216374269005846,0.008093171018374111,150,2
before,random_forest,worst smoothness,0.002464420638617193,0.0059452883115449755,150,3
before,random_forest,worst symmetry,0.0019883040935672605,0.004446963865613634,150,2
before,random_forest,worst texture,0.007620452310717798,0.008309439476402952,150,4
