experiment,condition,model,fold,seed,n_train,n_test,fit_seconds,predict_seconds,metric,value,cleaning,analyzer
D_ablation,D0,logistic_regression,0,42,5888,1473,10.781897863998893,0.36306585899910715,accuracy,0.9158180583842498,none,mecab_ipadic
D_ablation,D0,logistic_regression,0,42,5888,1473,10.781897863998893,0.36306585899910715,f1_macro,0.909601112182055,none,mecab_ipadic
D_ablation,D0,logistic_regression,0,42,5888,1473,10.781897863998893,0.36306585899910715,f1_weighted,0.9148097629563899,none,mecab_ipadic
D_ablation,D0,logistic_regression,1,42,5889,1472,10.302954619000957,0.3446150130002934,accuracy,0.920516304347826,none,mecab_ipadic
D_ablation,D0,logistic_regression,1,42,5889,1472,10.302954619000957,0.3446150130002934,f1_macro,0.9140985681469681,none,mecab_ipadic
D_ablation,D0,logistic_regression,1,42,5889,1472,10.302954619000957,0.3446150130002934,f1_weighted,0.9192591971336094,none,mecab_ipadic
D_ablation,D0,logistic_regression,2,42,5889,1472,10.452377813000567,0.3721217880010954,accuracy,0.9191576086956522,none,mecab_ipadic
D_ablation,D0,logistic_regression,2,42,5889,1472,10.452377813000567,0.3721217880010954,f1_macro,0.9113444637683935,none,mecab_ipadic
D_ablation,D0,logistic_regression,2,42,5889,1472,10.452377813000567,0.3721217880010954,f1_weighted,0.918046325378565,none,mecab_ipadic
D_ablation,D0,logistic_regression,3,42,5889,1472,9.344943096999486,0.39909872299904237,accuracy,0.9137228260869565,none,mecab_ipadic
D_ablation,D0,logistic_regression,3,42,5889,1472,9.344943096999486,0.39909872299904237,f1_macro,0.9077300164749053,none,mecab_ipadic
D_ablation,D0,logistic_regression,3,42,5889,1472,9.344943096999486,0.39909872299904237,f1_weighted,0.9128658968807367,none,mecab_ipadic
D_ablation,D0,logistic_regression,4,42,5889,1472,8.04389253500085,0.3477796759998455,accuracy,0.9211956521739131,none,mecab_ipadic
D_ablation,D0,logistic_regression,4,42,5889,1472,8.04389253500085,0.3477796759998455,f1_macro,0.9164204417825685,none,mecab_ipadic
D_ablation,D0,logistic_regression,4,42,5889,1472,8.04389253500085,0.3477796759998455,f1_weighted,0.9204988737012307,none,mecab_ipadic
D_ablation,D0,linear_svc,0,42,5888,1473,1.6614142670005094,0.3375429770003393,accuracy,0.9443312966734555,none,mecab_ipadic
D_ablation,D0,linear_svc,0,42,5888,1473,1.6614142670005094,0.3375429770003393,f1_macro,0.9411354425666497,none,mecab_ipadic
D_ablation,D0,linear_svc,0,42,5888,1473,1.6614142670005094,0.3375429770003393,f1_weighted,0.9438659150402186,none,mecab_ipadic
D_ablation,D0,linear_svc,1,42,5889,1472,1.8751326540004811,0.3079306700001325,accuracy,0.9504076086956522,none,mecab_ipadic
D_ablation,D0,linear_svc,1,42,5889,1472,1.8751326540004811,0.3079306700001325,f1_macro,0.9465893525282529,none,mecab_ipadic
D_ablation,D0,linear_svc,1,42,5889,1472,1.8751326540004811,0.3079306700001325,f1_weighted,0.9500770578073844,none,mecab_ipadic
D_ablation,D0,linear_svc,2,42,5889,1472,1.8488423849994433,0.3160516230000212,accuracy,0.9497282608695652,none,mecab_ipadic
D_ablation,D0,linear_svc,2,42,5889,1472,1.8488423849994433,0.3160516230000212,f1_macro,0.9463854616581683,none,mecab_ipadic
D_ablation,D0,linear_svc,2,42,5889,1472,1.8488423849994433,0.3160516230000212,f1_weighted,0.9493674040180923,none,mecab_ipadic
D_ablation,D0,linear_svc,3,42,5889,1472,1.7153548279984534,0.33832929199888895,accuracy,0.9375,none,mecab_ipadic
D_ablation,D0,linear_svc,3,42,5889,1472,1.7153548279984534,0.33832929199888895,f1_macro,0.9324031451716935,none,mecab_ipadic
D_ablation,D0,linear_svc,3,42,5889,1472,1.7153548279984534,0.33832929199888895,f1_weighted,0.9368981798996232,none,mecab_ipadic
D_ablation,D0,linear_svc,4,42,5889,1472,1.6663861769993673,0.32139757300137717,accuracy,0.9442934782608695,none,mecab_ipadic
D_ablation,D0,linear_svc,4,42,5889,1472,1.6663861769993673,0.32139757300137717,f1_macro,0.9401461822824311,none,mecab_ipadic
D_ablation,D0,linear_svc,4,42,5889,1472,1.6663861769993673,0.32139757300137717,f1_weighted,0.9439012217416319,none,mecab_ipadic
D_ablation,D0,random_forest,0,42,5888,1473,10.108020607998697,0.39215964899995015,accuracy,0.9056347589952478,none,mecab_ipadic
D_ablation,D0,random_forest,0,42,5888,1473,10.108020607998697,0.39215964899995015,f1_macro,0.8889877463280297,none,mecab_ipadic
D_ablation,D0,random_forest,0,42,5888,1473,10.108020607998697,0.39215964899995015,f1_weighted,0.9007544525928266,none,mecab_ipadic
D_ablation,D0,random_forest,1,42,5889,1472,9.594479762999981,0.4196663040002022,accuracy,0.90625,none,mecab_ipadic
D_ablation,D0,random_forest,1,42,5889,1472,9.594479762999981,0.4196663040002022,f1_macro,0.8902186182751161,none,mecab_ipadic
D_ablation,D0,random_forest,1,42,5889,1472,9.594479762999981,0.4196663040002022,f1_weighted,0.9013844817778626,none,mecab_ipadic
D_ablation,D0,random_forest,2,42,5889,1472,9.841457241000171,0.3822941950002132,accuracy,0.9082880434782609,none,mecab_ipadic
D_ablation,D0,random_forest,2,42,5889,1472,9.841457241000171,0.3822941950002132,f1_macro,0.8884691910546043,none,mecab_ipadic
D_ablation,D0,random_forest,2,42,5889,1472,9.841457241000171,0.3822941950002132,f1_weighted,0.9023946602554872,none,mecab_ipadic
D_ablation,D0,random_forest,3,42,5889,1472,9.539775805998943,0.42846334999921964,accuracy,0.8987771739130435,none,mecab_ipadic
D_ablation,D0,random_forest,3,42,5889,1472,9.539775805998943,0.42846334999921964,f1_macro,0.8800184447552044,none,mecab_ipadic
D_ablation,D0,random_forest,3,42,5889,1472,9.539775805998943,0.42846334999921964,f1_weighted,0.893206588923426,none,mecab_ipadic
D_ablation,D0,random_forest,4,42,5889,1472,9.67321713399906,0.4288748309991206,accuracy,0.9157608695652174,none,mecab_ipadic
D_ablation,D0,random_forest,4,42,5889,1472,9.67321713399906,0.4288748309991206,f1_macro,0.9000390013707952,none,mecab_ipadic
D_ablation,D0,random_forest,4,42,5889,1472,9.67321713399906,0.4288748309991206,f1_weighted,0.9115325335533496,none,mecab_ipadic
D_ablation,D0,knn,0,42,5888,1473,1.3728151989998878,0.7636973200005741,accuracy,0.801765105227427,none,mecab_ipadic
D_ablation,D0,knn,0,42,5888,1473,1.3728151989998878,0.7636973200005741,f1_macro,0.7961429664879666,none,mecab_ipadic
D_ablation,D0,knn,0,42,5888,1473,1.3728151989998878,0.7636973200005741,f1_weighted,0.7992582081140174,none,mecab_ipadic
D_ablation,D0,knn,1,42,5889,1472,1.3703194059999078,0.7416701379988808,accuracy,0.7927989130434783,none,mecab_ipadic
D_ablation,D0,knn,1,42,5889,1472,1.3703194059999078,0.7416701379988808,f1_macro,0.7824645759128965,none,mecab_ipadic
D_ablation,D0,knn,1,42,5889,1472,1.3703194059999078,0.7416701379988808,f1_weighted,0.7890386822003584,none,mecab_ipadic
D_ablation,D0,knn,2,42,5889,1472,1.2407043929997599,0.6977034829997137,accuracy,0.7989130434782609,none,mecab_ipadic
D_ablation,D0,knn,2,42,5889,1472,1.2407043929997599,0.6977034829997137,f1_macro,0.7911112103714859,none,mecab_ipadic
D_ablation,D0,knn,2,42,5889,1472,1.2407043929997599,0.6977034829997137,f1_weighted,0.7954418272624181,none,mecab_ipadic
D_ablation,D0,knn,3,42,5889,1472,1.1840087960008532,0.6925071089990524,accuracy,0.8036684782608695,none,mecab_ipadic
D_ablation,D0,knn,3,42,5889,1472,1.1840087960008532,0.6925071089990524,f1_macro,0.7972487416362952,none,mecab_ipadic
D_ablation,D0,knn,3,42,5889,1472,1.1840087960008532,0.6925071089990524,f1_weighted,0.8005480462176621,none,mecab_ipadic
D_ablation,D0,knn,4,42,5889,1472,1.271008203000747,0.6919804080007452,accuracy,0.7975543478260869,none,mecab_ipadic
D_ablation,D0,knn,4,42,5889,1472,1.271008203000747,0.6919804080007452,f1_macro,0.7916332300536857,none,mecab_ipadic
D_ablation,D0,knn,4,42,5889,1472,1.271008203000747,0.6919804080007452,f1_weighted,0.7950044348712099,none,mecab_ipadic
D_ablation,D1,logistic_regression,0,42,5888,1473,8.910326756998984,0.32824768600039533,accuracy,0.9151391717583164,neologdn,mecab_ipadic
D_ablation,D1,logistic_regression,0,42,5888,1473,8.910326756998984,0.32824768600039533,f1_macro,0.9090089823150342,neologdn,mecab_ipadic
D_ablation,D1,logistic_regression,0,42,5888,1473,8.910326756998984,0.32824768600039533,f1_weighted,0.9141911567368488,neologdn,mecab_ipadic
D_ablation,D1,logistic_regression,1,42,5889,1472,6.715533177000907,0.33743609100019967,accuracy,0.9150815217391305,neologdn,mecab_ipadic
D_ablation,D1,logistic_regression,1,42,5889,1472,6.715533177000907,0.33743609100019967,f1_macro,0.9081799317638747,neologdn,mecab_ipadic
D_ablation,D1,logistic_regression,1,42,5889,1472,6.715533177000907,0.33743609100019967,f1_weighted,0.9136856770467182,neologdn,mecab_ipadic
D_ablation,D1,logistic_regression,2,42,5889,1472,6.951822287999676,0.3158551799988345,accuracy,0.9157608695652174,neologdn,mecab_ipadic
D_ablation,D1,logistic_regression,2,42,5889,1472,6.951822287999676,0.3158551799988345,f1_macro,0.9080497582084797,neologdn,mecab_ipadic
D_ablation,D1,logistic_regression,2,42,5889,1472,6.951822287999676,0.3158551799988345,f1_weighted,0.9146332662491666,neologdn,mecab_ipadic
D_ablation,D1,logistic_regression,3,42,5889,1472,8.350612662999993,0.34781158700025117,accuracy,0.9130434782608695,neologdn,mecab_ipadic
D_ablation,D1,logistic_regression,3,42,5889,1472,8.350612662999993,0.34781158700025117,f1_macro,0.907041621094378,neologdn,mecab_ipadic
D_ablation,D1,logistic_regression,3,42,5889,1472,8.350612662999993,0.34781158700025117,f1_weighted,0.9120447310611116,neologdn,mecab_ipadic
D_ablation,D1,logistic_regression,4,42,5889,1472,8.049166499999046,0.2993367090002721,accuracy,0.9164402173913043,neologdn,mecab_ipadic
D_ablation,D1,logistic_regression,4,42,5889,1472,8.049166499999046,0.2993367090002721,f1_macro,0.9113232702513522,neologdn,mecab_ipadic
D_ablation,D1,logistic_regression,4,42,5889,1472,8.049166499999046,0.2993367090002721,f1_weighted,0.9156473597229265,neologdn,mecab_ipadic
D_ablation,D1,linear_svc,0,42,5888,1473,1.5751386040010402,0.283660916998997,accuracy,0.9443312966734555,neologdn,mecab_ipadic
D_ablation,D1,linear_svc,0,42,5888,1473,1.5751386040010402,0.283660916998997,f1_macro,0.9413884048056613,neologdn,mecab_ipadic
D_ablation,D1,linear_svc,0,42,5888,1473,1.5751386040010402,0.283660916998997,f1_weighted,0.9438523453504362,neologdn,mecab_ipadic
D_ablation,D1,linear_svc,1,42,5889,1472,1.7389899490008247,0.33045301800120797,accuracy,0.9510869565217391,neologdn,mecab_ipadic
D_ablation,D1,linear_svc,1,42,5889,1472,1.7389899490008247,0.33045301800120797,f1_macro,0.9475810510563447,neologdn,mecab_ipadic
D_ablation,D1,linear_svc,1,42,5889,1472,1.7389899490008247,0.33045301800120797,f1_weighted,0.950826754793318,neologdn,mecab_ipadic
D_ablation,D1,linear_svc,2,42,5889,1472,1.775945937999495,0.3466202709987556,accuracy,0.9497282608695652,neologdn,mecab_ipadic
D_ablation,D1,linear_svc,2,42,5889,1472,1.775945937999495,0.3466202709987556,f1_macro,0.9470011657344456,neologdn,mecab_ipadic
D_ablation,D1,linear_svc,2,42,5889,1472,1.775945937999495,0.3466202709987556,f1_weighted,0.9494538579431892,neologdn,mecab_ipadic
D_ablation,D1,linear_svc,3,42,5889,1472,1.7546605839997937,0.3343411549994926,accuracy,0.9368206521739131,neologdn,mecab_ipadic
D_ablation,D1,linear_svc,3,42,5889,1472,1.7546605839997937,0.3343411549994926,f1_macro,0.9328030046270269,neologdn,mecab_ipadic
D_ablation,D1,linear_svc,3,42,5889,1472,1.7546605839997937,0.3343411549994926,f1_weighted,0.9363398270502123,neologdn,mecab_ipadic
D_ablation,D1,linear_svc,4,42,5889,1472,1.6709317740005645,0.3071796309995989,accuracy,0.9429347826086957,neologdn,mecab_ipadic
D_ablation,D1,linear_svc,4,42,5889,1472,1.6709317740005645,0.3071796309995989,f1_macro,0.9384384030017954,neologdn,mecab_ipadic
D_ablation,D1,linear_svc,4,42,5889,1472,1.6709317740005645,0.3071796309995989,f1_weighted,0.9424622800104506,neologdn,mecab_ipadic
D_ablation,D1,random_forest,0,42,5888,1473,9.848341876000632,0.43513092399916786,accuracy,0.8968092328581126,neologdn,mecab_ipadic
D_ablation,D1,random_forest,0,42,5888,1473,9.848341876000632,0.43513092399916786,f1_macro,0.8768354525139764,neologdn,mecab_ipadic
D_ablation,D1,random_forest,0,42,5888,1473,9.848341876000632,0.43513092399916786,f1_weighted,0.8907498649767817,neologdn,mecab_ipadic
D_ablation,D1,random_forest,1,42,5889,1472,10.104823955000029,0.3949420979988645,accuracy,0.9055706521739131,neologdn,mecab_ipadic
D_ablation,D1,random_forest,1,42,5889,1472,10.104823955000029,0.3949420979988645,f1_macro,0.8879138935610198,neologdn,mecab_ipadic
D_ablation,D1,random_forest,1,42,5889,1472,10.104823955000029,0.3949420979988645,f1_weighted,0.9001720776856416,neologdn,mecab_ipadic
D_ablation,D1,random_forest,2,42,5889,1472,9.765323031999287,0.4022368980004103,accuracy,0.9103260869565217,neologdn,mecab_ipadic
D_ablation,D1,random_forest,2,42,5889,1472,9.765323031999287,0.4022368980004103,f1_macro,0.8917393558699297,neologdn,mecab_ipadic
D_ablation,D1,random_forest,2,42,5889,1472,9.765323031999287,0.4022368980004103,f1_weighted,0.9051766866784321,neologdn,mecab_ipadic
D_ablation,D1,random_forest,3,42,5889,1472,9.793009352999434,0.41685415699976147,accuracy,0.9001358695652174,neologdn,mecab_ipadic
D_ablation,D1,random_forest,3,42,5889,1472,9.793009352999434,0.41685415699976147,f1_macro,0.8818445334993703,neologdn,mecab_ipadic
D_ablation,D1,random_forest,3,42,5889,1472,9.793009352999434,0.41685415699976147,f1_weighted,0.8951113693175191,neologdn,mecab_ipadic
D_ablation,D1,random_forest,4,42,5889,1472,9.97766136500104,0.4251720190004562,accuracy,0.9082880434782609,neologdn,mecab_ipadic
D_ablation,D1,random_forest,4,42,5889,1472,9.97766136500104,0.4251720190004562,f1_macro,0.89111997732395,neologdn,mecab_ipadic
D_ablation,D1,random_forest,4,42,5889,1472,9.97766136500104,0.4251720190004562,f1_weighted,0.9033889195760002,neologdn,mecab_ipadic
D_ablation,D1,knn,0,42,5888,1473,1.160913478999646,0.7375230090001423,accuracy,0.7963340122199593,neologdn,mecab_ipadic
D_ablation,D1,knn,0,42,5888,1473,1.160913478999646,0.7375230090001423,f1_macro,0.7896076587108656,neologdn,mecab_ipadic
D_ablation,D1,knn,0,42,5888,1473,1.160913478999646,0.7375230090001423,f1_weighted,0.7931758485421718,neologdn,mecab_ipadic
D_ablation,D1,knn,1,42,5889,1472,1.2294222130003618,0.7112331810003525,accuracy,0.7880434782608695,neologdn,mecab_ipadic
D_ablation,D1,knn,1,42,5889,1472,1.2294222130003618,0.7112331810003525,f1_macro,0.7768527808585024,neologdn,mecab_ipadic
D_ablation,D1,knn,1,42,5889,1472,1.2294222130003618,0.7112331810003525,f1_weighted,0.7847115446966467,neologdn,mecab_ipadic
D_ablation,D1,knn,2,42,5889,1472,1.1807730089985853,0.6718377540000802,accuracy,0.7887228260869565,neologdn,mecab_ipadic
D_ablation,D1,knn,2,42,5889,1472,1.1807730089985853,0.6718377540000802,f1_macro,0.7809062775190049,neologdn,mecab_ipadic
D_ablation,D1,knn,2,42,5889,1472,1.1807730089985853,0.6718377540000802,f1_weighted,0.785121189181181,neologdn,mecab_ipadic
D_ablation,D1,knn,3,42,5889,1472,1.1847540790004132,0.6895705410006485,accuracy,0.8002717391304348,neologdn,mecab_ipadic
D_ablation,D1,knn,3,42,5889,1472,1.1847540790004132,0.6895705410006485,f1_macro,0.7937617678752622,neologdn,mecab_ipadic
D_ablation,D1,knn,3,42,5889,1472,1.1847540790004132,0.6895705410006485,f1_weighted,0.7967465891357545,neologdn,mecab_ipadic
D_ablation,D1,knn,4,42,5889,1472,1.1720235800003138,0.7019225910007663,accuracy,0.7853260869565217,neologdn,mecab_ipadic
D_ablation,D1,knn,4,42,5889,1472,1.1720235800003138,0.7019225910007663,f1_macro,0.7783196860604823,neologdn,mecab_ipadic
D_ablation,D1,knn,4,42,5889,1472,1.1720235800003138,0.7019225910007663,f1_weighted,0.7823405469965659,neologdn,mecab_ipadic
D_ablation,D2,logistic_regression,0,42,5888,1473,7.073895290999644,0.33604112200009695,accuracy,0.9110658520027155,none,sudachi_core_mode_c
D_ablation,D2,logistic_regression,0,42,5888,1473,7.073895290999644,0.33604112200009695,f1_macro,0.9044354446128374,none,sudachi_core_mode_c
D_ablation,D2,logistic_regression,0,42,5888,1473,7.073895290999644,0.33604112200009695,f1_weighted,0.9101375663814492,none,sudachi_core_mode_c
D_ablation,D2,logistic_regression,1,42,5889,1472,7.806523561999711,0.32156534800014924,accuracy,0.9191576086956522,none,sudachi_core_mode_c
D_ablation,D2,logistic_regression,1,42,5889,1472,7.806523561999711,0.32156534800014924,f1_macro,0.9131392801135321,none,sudachi_core_mode_c
D_ablation,D2,logistic_regression,1,42,5889,1472,7.806523561999711,0.32156534800014924,f1_weighted,0.918071258989965,none,sudachi_core_mode_c
D_ablation,D2,logistic_regression,2,42,5889,1472,8.376801956001145,0.3220039719999477,accuracy,0.921875,none,sudachi_core_mode_c
D_ablation,D2,logistic_regression,2,42,5889,1472,8.376801956001145,0.3220039719999477,f1_macro,0.9152373114595839,none,sudachi_core_mode_c
D_ablation,D2,logistic_regression,2,42,5889,1472,8.376801956001145,0.3220039719999477,f1_weighted,0.9210645598899461,none,sudachi_core_mode_c
D_ablation,D2,logistic_regression,3,42,5889,1472,7.141725453000618,0.34746163399904617,accuracy,0.9157608695652174,none,sudachi_core_mode_c
D_ablation,D2,logistic_regression,3,42,5889,1472,7.141725453000618,0.34746163399904617,f1_macro,0.9109348349676275,none,sudachi_core_mode_c
D_ablation,D2,logistic_regression,3,42,5889,1472,7.141725453000618,0.34746163399904617,f1_weighted,0.9150805222464252,none,sudachi_core_mode_c
D_ablation,D2,logistic_regression,4,42,5889,1472,7.494862690000446,0.45399194299898227,accuracy,0.921875,none,sudachi_core_mode_c
D_ablation,D2,logistic_regression,4,42,5889,1472,7.494862690000446,0.45399194299898227,f1_macro,0.9164093380661527,none,sudachi_core_mode_c
D_ablation,D2,logistic_regression,4,42,5889,1472,7.494862690000446,0.45399194299898227,f1_weighted,0.9210375266151019,none,sudachi_core_mode_c
D_ablation,D2,linear_svc,0,42,5888,1473,1.7765416809997987,0.2915035200003331,accuracy,0.9355057705363204,none,sudachi_core_mode_c
D_ablation,D2,linear_svc,0,42,5888,1473,1.7765416809997987,0.2915035200003331,f1_macro,0.9316660792040091,none,sudachi_core_mode_c
D_ablation,D2,linear_svc,0,42,5888,1473,1.7765416809997987,0.2915035200003331,f1_weighted,0.9350092216995725,none,sudachi_core_mode_c
D_ablation,D2,linear_svc,1,42,5889,1472,1.7912561820012343,0.34063371299998835,accuracy,0.9490489130434783,none,sudachi_core_mode_c
D_ablation,D2,linear_svc,1,42,5889,1472,1.7912561820012343,0.34063371299998835,f1_macro,0.9455018617753246,none,sudachi_core_mode_c
D_ablation,D2,linear_svc,1,42,5889,1472,1.7912561820012343,0.34063371299998835,f1_weighted,0.9488578725685481,none,sudachi_core_mode_c
D_ablation,D2,linear_svc,2,42,5889,1472,1.676939916000265,0.2985152590008511,accuracy,0.9497282608695652,none,sudachi_core_mode_c
D_ablation,D2,linear_svc,2,42,5889,1472,1.676939916000265,0.2985152590008511,f1_macro,0.9463255717576935,none,sudachi_core_mode_c
D_ablation,D2,linear_svc,2,42,5889,1472,1.676939916000265,0.2985152590008511,f1_weighted,0.9494770281063424,none,sudachi_core_mode_c
D_ablation,D2,linear_svc,3,42,5889,1472,1.708283845000551,0.30531754399999045,accuracy,0.9381793478260869,none,sudachi_core_mode_c
D_ablation,D2,linear_svc,3,42,5889,1472,1.708283845000551,0.30531754399999045,f1_macro,0.9339008440257062,none,sudachi_core_mode_c
D_ablation,D2,linear_svc,3,42,5889,1472,1.708283845000551,0.30531754399999045,f1_weighted,0.937670405704676,none,sudachi_core_mode_c
D_ablation,D2,linear_svc,4,42,5889,1472,1.6825325850004447,0.29310543599967787,accuracy,0.9470108695652174,none,sudachi_core_mode_c
D_ablation,D2,linear_svc,4,42,5889,1472,1.6825325850004447,0.29310543599967787,f1_macro,0.9426415584178078,none,sudachi_core_mode_c
D_ablation,D2,linear_svc,4,42,5889,1472,1.6825325850004447,0.29310543599967787,f1_weighted,0.946647352806645,none,sudachi_core_mode_c
D_ablation,D2,random_forest,0,42,5888,1473,10.625722651000615,0.4001214460004121,accuracy,0.8981670061099797,none,sudachi_core_mode_c
D_ablation,D2,random_forest,0,42,5888,1473,10.625722651000615,0.4001214460004121,f1_macro,0.877295012250434,none,sudachi_core_mode_c
D_ablation,D2,random_forest,0,42,5888,1473,10.625722651000615,0.4001214460004121,f1_weighted,0.8918127883039381,none,sudachi_core_mode_c
D_ablation,D2,random_forest,1,42,5889,1472,9.646841724999831,0.40552815700175415,accuracy,0.9089673913043478,none,sudachi_core_mode_c
D_ablation,D2,random_forest,1,42,5889,1472,9.646841724999831,0.40552815700175415,f1_macro,0.8941234917107947,none,sudachi_core_mode_c
D_ablation,D2,random_forest,1,42,5889,1472,9.646841724999831,0.40552815700175415,f1_weighted,0.904807750953149,none,sudachi_core_mode_c
D_ablation,D2,random_forest,2,42,5889,1472,9.808433832999071,0.39521599799991236,accuracy,0.9069293478260869,none,sudachi_core_mode_c
D_ablation,D2,random_forest,2,42,5889,1472,9.808433832999071,0.39521599799991236,f1_macro,0.8905136368568323,none,sudachi_core_mode_c
D_ablation,D2,random_forest,2,42,5889,1472,9.808433832999071,0.39521599799991236,f1_weighted,0.9022055390435559,none,sudachi_core_mode_c
D_ablation,D2,random_forest,3,42,5889,1472,9.844769272000121,0.4522154820006108,accuracy,0.9035326086956522,none,sudachi_core_mode_c
D_ablation,D2,random_forest,3,42,5889,1472,9.844769272000121,0.4522154820006108,f1_macro,0.8884409056565326,none,sudachi_core_mode_c
D_ablation,D2,random_forest,3,42,5889,1472,9.844769272000121,0.4522154820006108,f1_weighted,0.8995342687105491,none,sudachi_core_mode_c
D_ablation,D2,random_forest,4,42,5889,1472,9.879790143999344,0.40472819400019944,accuracy,0.907608695652174,none,sudachi_core_mode_c
D_ablation,D2,random_forest,4,42,5889,1472,9.879790143999344,0.40472819400019944,f1_macro,0.8911289079013867,none,sudachi_core_mode_c
D_ablation,D2,random_forest,4,42,5889,1472,9.879790143999344,0.40472819400019944,f1_weighted,0.9030657134161512,none,sudachi_core_mode_c
D_ablation,D2,knn,0,42,5888,1473,1.1575990169985744,0.6511415179993492,accuracy,0.7942973523421588,none,sudachi_core_mode_c
D_ablation,D2,knn,0,42,5888,1473,1.1575990169985744,0.6511415179993492,f1_macro,0.786987201225367,none,sudachi_core_mode_c
D_ablation,D2,knn,0,42,5888,1473,1.1575990169985744,0.6511415179993492,f1_weighted,0.7909603175318282,none,sudachi_core_mode_c
D_ablation,D2,knn,1,42,5889,1472,1.160626136999781,0.6772791000003053,accuracy,0.8002717391304348,none,sudachi_core_mode_c
D_ablation,D2,knn,1,42,5889,1472,1.160626136999781,0.6772791000003053,f1_macro,0.791105028294083,none,sudachi_core_mode_c
D_ablation,D2,knn,1,42,5889,1472,1.160626136999781,0.6772791000003053,f1_weighted,0.797241969661708,none,sudachi_core_mode_c
D_ablation,D2,knn,2,42,5889,1472,1.2070542469991778,0.637973349999811,accuracy,0.8023097826086957,none,sudachi_core_mode_c
D_ablation,D2,knn,2,42,5889,1472,1.2070542469991778,0.637973349999811,f1_macro,0.7948430666436754,none,sudachi_core_mode_c
D_ablation,D2,knn,2,42,5889,1472,1.2070542469991778,0.637973349999811,f1_weighted,0.7986509084610841,none,sudachi_core_mode_c
D_ablation,D2,knn,3,42,5889,1472,1.1753442879999056,0.7227141119983571,accuracy,0.8002717391304348,none,sudachi_core_mode_c
D_ablation,D2,knn,3,42,5889,1472,1.1753442879999056,0.7227141119983571,f1_macro,0.7914707896979226,none,sudachi_core_mode_c
D_ablation,D2,knn,3,42,5889,1472,1.1753442879999056,0.7227141119983571,f1_weighted,0.7965003314610211,none,sudachi_core_mode_c
D_ablation,D2,knn,4,42,5889,1472,1.181613983000716,0.6526698719990236,accuracy,0.8023097826086957,none,sudachi_core_mode_c
D_ablation,D2,knn,4,42,5889,1472,1.181613983000716,0.6526698719990236,f1_macro,0.7954063631194249,none,sudachi_core_mode_c
D_ablation,D2,knn,4,42,5889,1472,1.181613983000716,0.6526698719990236,f1_weighted,0.7996905746402484,none,sudachi_core_mode_c
D_ablation,D3,logistic_regression,0,42,5888,1473,8.2535269229993,0.30559563700080616,accuracy,0.9131025118805159,neologdn,sudachi_core_mode_c
D_ablation,D3,logistic_regression,0,42,5888,1473,8.2535269229993,0.30559563700080616,f1_macro,0.9066058351512564,neologdn,sudachi_core_mode_c
D_ablation,D3,logistic_regression,0,42,5888,1473,8.2535269229993,0.30559563700080616,f1_weighted,0.912095221796357,neologdn,sudachi_core_mode_c
D_ablation,D3,logistic_regression,1,42,5889,1472,8.848248345000684,0.3140052660000947,accuracy,0.9144021739130435,neologdn,sudachi_core_mode_c
D_ablation,D3,logistic_regression,1,42,5889,1472,8.848248345000684,0.3140052660000947,f1_macro,0.9067853721111006,neologdn,sudachi_core_mode_c
D_ablation,D3,logistic_regression,1,42,5889,1472,8.848248345000684,0.3140052660000947,f1_weighted,0.9128934354328966,neologdn,sudachi_core_mode_c
D_ablation,D3,logistic_regression,2,42,5889,1472,7.043122638999193,0.35314098600065336,accuracy,0.923233695652174,neologdn,sudachi_core_mode_c
D_ablation,D3,logistic_regression,2,42,5889,1472,7.043122638999193,0.35314098600065336,f1_macro,0.9174615638433795,neologdn,sudachi_core_mode_c
D_ablation,D3,logistic_regression,2,42,5889,1472,7.043122638999193,0.35314098600065336,f1_weighted,0.9226025336318086,neologdn,sudachi_core_mode_c
D_ablation,D3,logistic_regression,3,42,5889,1472,7.784173263000412,0.3291300250002678,accuracy,0.9103260869565217,neologdn,sudachi_core_mode_c
D_ablation,D3,logistic_regression,3,42,5889,1472,7.784173263000412,0.3291300250002678,f1_macro,0.903817973969639,neologdn,sudachi_core_mode_c
D_ablation,D3,logistic_regression,3,42,5889,1472,7.784173263000412,0.3291300250002678,f1_weighted,0.9091542404107891,neologdn,sudachi_core_mode_c
D_ablation,D3,logistic_regression,4,42,5889,1472,8.045846136001273,0.36813145199994324,accuracy,0.9177989130434783,neologdn,sudachi_core_mode_c
D_ablation,D3,logistic_regression,4,42,5889,1472,8.045846136001273,0.36813145199994324,f1_macro,0.9123322703540011,neologdn,sudachi_core_mode_c
D_ablation,D3,logistic_regression,4,42,5889,1472,8.045846136001273,0.36813145199994324,f1_weighted,0.9169729659801856,neologdn,sudachi_core_mode_c
D_ablation,D3,linear_svc,0,42,5888,1473,1.7148075189998053,0.33685723599955963,accuracy,0.9368635437881874,neologdn,sudachi_core_mode_c
D_ablation,D3,linear_svc,0,42,5888,1473,1.7148075189998053,0.33685723599955963,f1_macro,0.9323800704155545,neologdn,sudachi_core_mode_c
D_ablation,D3,linear_svc,0,42,5888,1473,1.7148075189998053,0.33685723599955963,f1_weighted,0.9362876690291356,neologdn,sudachi_core_mode_c
D_ablation,D3,linear_svc,1,42,5889,1472,1.6948573669997131,0.29964339599973755,accuracy,0.9490489130434783,neologdn,sudachi_core_mode_c
D_ablation,D3,linear_svc,1,42,5889,1472,1.6948573669997131,0.29964339599973755,f1_macro,0.945767376390147,neologdn,sudachi_core_mode_c
D_ablation,D3,linear_svc,1,42,5889,1472,1.6948573669997131,0.29964339599973755,f1_weighted,0.9488676959886663,neologdn,sudachi_core_mode_c
D_ablation,D3,linear_svc,2,42,5889,1472,1.8291001979996508,0.27548844600096345,accuracy,0.9476902173913043,neologdn,sudachi_core_mode_c
D_ablation,D3,linear_svc,2,42,5889,1472,1.8291001979996508,0.27548844600096345,f1_macro,0.9446538558729848,neologdn,sudachi_core_mode_c
D_ablation,D3,linear_svc,2,42,5889,1472,1.8291001979996508,0.27548844600096345,f1_weighted,0.9474799490010009,neologdn,sudachi_core_mode_c
D_ablation,D3,linear_svc,3,42,5889,1472,1.9016124429999763,0.30464869999923394,accuracy,0.9368206521739131,neologdn,sudachi_core_mode_c
D_ablation,D3,linear_svc,3,42,5889,1472,1.9016124429999763,0.30464869999923394,f1_macro,0.93212260714508,neologdn,sudachi_core_mode_c
D_ablation,D3,linear_svc,3,42,5889,1472,1.9016124429999763,0.30464869999923394,f1_weighted,0.9362660192662031,neologdn,sudachi_core_mode_c
D_ablation,D3,linear_svc,4,42,5889,1472,1.6363878669999394,0.3049665049984469,accuracy,0.9456521739130435,neologdn,sudachi_core_mode_c
D_ablation,D3,linear_svc,4,42,5889,1472,1.6363878669999394,0.3049665049984469,f1_macro,0.9414318743634511,neologdn,sudachi_core_mode_c
D_ablation,D3,linear_svc,4,42,5889,1472,1.6363878669999394,0.3049665049984469,f1_weighted,0.9453003781589991,neologdn,sudachi_core_mode_c
D_ablation,D3,random_forest,0,42,5888,1473,9.624221468000542,0.41007665100005397,accuracy,0.8906992532247114,neologdn,sudachi_core_mode_c
D_ablation,D3,random_forest,0,42,5888,1473,9.624221468000542,0.41007665100005397,f1_macro,0.8692029826459495,neologdn,sudachi_core_mode_c
D_ablation,D3,random_forest,0,42,5888,1473,9.624221468000542,0.41007665100005397,f1_weighted,0.8838483670530255,neologdn,sudachi_core_mode_c
D_ablation,D3,random_forest,1,42,5889,1472,9.811032733001412,0.3891932220012677,accuracy,0.9082880434782609,neologdn,sudachi_core_mode_c
D_ablation,D3,random_forest,1,42,5889,1472,9.811032733001412,0.3891932220012677,f1_macro,0.8892106213800184,neologdn,sudachi_core_mode_c
D_ablation,D3,random_forest,1,42,5889,1472,9.811032733001412,0.3891932220012677,f1_weighted,0.9025550023744663,neologdn,sudachi_core_mode_c
D_ablation,D3,random_forest,2,42,5889,1472,9.597439003000545,0.3715804379990004,accuracy,0.9103260869565217,neologdn,sudachi_core_mode_c
D_ablation,D3,random_forest,2,42,5889,1472,9.597439003000545,0.3715804379990004,f1_macro,0.8938755565101957,neologdn,sudachi_core_mode_c
D_ablation,D3,random_forest,2,42,5889,1472,9.597439003000545,0.3715804379990004,f1_weighted,0.9058916289656149,neologdn,sudachi_core_mode_c
D_ablation,D3,random_forest,3,42,5889,1472,9.227896861999398,0.36586313400039217,accuracy,0.8940217391304348,neologdn,sudachi_core_mode_c
D_ablation,D3,random_forest,3,42,5889,1472,9.227896861999398,0.36586313400039217,f1_macro,0.8738927316125875,neologdn,sudachi_core_mode_c
D_ablation,D3,random_forest,3,42,5889,1472,9.227896861999398,0.36586313400039217,f1_weighted,0.887546781995861,neologdn,sudachi_core_mode_c
D_ablation,D3,random_forest,4,42,5889,1472,9.246971794000274,0.404503752999517,accuracy,0.9123641304347826,neologdn,sudachi_core_mode_c
D_ablation,D3,random_forest,4,42,5889,1472,9.246971794000274,0.404503752999517,f1_macro,0.8986223951400807,neologdn,sudachi_core_mode_c
D_ablation,D3,random_forest,4,42,5889,1472,9.246971794000274,0.404503752999517,f1_weighted,0.9086921242115606,neologdn,sudachi_core_mode_c
D_ablation,D3,knn,0,42,5888,1473,1.1266280740001093,0.6696037249985238,accuracy,0.7888662593346911,neologdn,sudachi_core_mode_c
D_ablation,D3,knn,0,42,5888,1473,1.1266280740001093,0.6696037249985238,f1_macro,0.7818991269379312,neologdn,sudachi_core_mode_c
D_ablation,D3,knn,0,42,5888,1473,1.1266280740001093,0.6696037249985238,f1_weighted,0.786596865835394,neologdn,sudachi_core_mode_c
D_ablation,D3,knn,1,42,5889,1472,1.149506340001608,0.6519202630006475,accuracy,0.7995923913043478,neologdn,sudachi_core_mode_c
D_ablation,D3,knn,1,42,5889,1472,1.149506340001608,0.6519202630006475,f1_macro,0.790357254171366,neologdn,sudachi_core_mode_c
D_ablation,D3,knn,1,42,5889,1472,1.149506340001608,0.6519202630006475,f1_weighted,0.7970884387936066,neologdn,sudachi_core_mode_c
D_ablation,D3,knn,2,42,5889,1472,1.1466447279999556,0.6302149459988868,accuracy,0.7941576086956522,neologdn,sudachi_core_mode_c
D_ablation,D3,knn,2,42,5889,1472,1.1466447279999556,0.6302149459988868,f1_macro,0.7876509150576679,neologdn,sudachi_core_mode_c
D_ablation,D3,knn,2,42,5889,1472,1.1466447279999556,0.6302149459988868,f1_weighted,0.7915257895571571,neologdn,sudachi_core_mode_c
D_ablation,D3,knn,3,42,5889,1472,1.1294026619998476,0.631889226999192,accuracy,0.7989130434782609,neologdn,sudachi_core_mode_c
D_ablation,D3,knn,3,42,5889,1472,1.1294026619998476,0.631889226999192,f1_macro,0.7909487078860992,neologdn,sudachi_core_mode_c
D_ablation,D3,knn,3,42,5889,1472,1.1294026619998476,0.631889226999192,f1_weighted,0.7954358498932514,neologdn,sudachi_core_mode_c
D_ablation,D3,knn,4,42,5889,1472,1.1261872539998876,0.6428189679991192,accuracy,0.8009510869565217,neologdn,sudachi_core_mode_c
D_ablation,D3,knn,4,42,5889,1472,1.1261872539998876,0.6428189679991192,f1_macro,0.7947681457247824,neologdn,sudachi_core_mode_c
D_ablation,D3,knn,4,42,5889,1472,1.1261872539998876,0.6428189679991192,f1_weighted,0.7984315380511537,neologdn,sudachi_core_mode_c
