experiment,condition,model,fold,seed,n_train,n_test,fit_seconds,predict_seconds,metric,value
C,c0,logistic_regression,0,42,1600,400,0.00874477800061868,0.0006348790002448368,accuracy,0.9375
C,c0,logistic_regression,0,42,1600,400,0.00874477800061868,0.0006348790002448368,recall,0.3103448275862069
C,c0,logistic_regression,0,42,1600,400,0.00874477800061868,0.0006348790002448368,precision,0.6428571428571429
C,c0,logistic_regression,0,42,1600,400,0.00874477800061868,0.0006348790002448368,f1,0.4186046511627907
C,c0,logistic_regression,0,42,1600,400,0.00874477800061868,0.0006348790002448368,balanced_accuracy,0.6484338693187099
C,c0,logistic_regression,0,42,1600,400,0.00874477800061868,0.0006348790002448368,mcc,0.4188816039777639
C,c0,logistic_regression,0,42,1600,400,0.00874477800061868,0.0006348790002448368,average_precision,0.5330661180316898
C,c0,logistic_regression,0,42,1600,400,0.00874477800061868,0.0006348790002448368,roc_auc,0.861790129194163
C,c0,logistic_regression,1,42,1600,400,0.006498254000689485,0.0005824930003655027,accuracy,0.9625
C,c0,logistic_regression,1,42,1600,400,0.006498254000689485,0.0005824930003655027,recall,0.5172413793103449
C,c0,logistic_regression,1,42,1600,400,0.006498254000689485,0.0005824930003655027,precision,0.9375
C,c0,logistic_regression,1,42,1600,400,0.006498254000689485,0.0005824930003655027,f1,0.6666666666666666
C,c0,logistic_regression,1,42,1600,400,0.006498254000689485,0.0005824930003655027,balanced_accuracy,0.7572729807602937
C,c0,logistic_regression,1,42,1600,400,0.006498254000689485,0.0005824930003655027,mcc,0.680901865723037
C,c0,logistic_regression,1,42,1600,400,0.006498254000689485,0.0005824930003655027,average_precision,0.8056382385022094
C,c0,logistic_regression,1,42,1600,400,0.006498254000689485,0.0005824930003655027,roc_auc,0.9345664095176132
C,c0,logistic_regression,2,42,1600,400,0.005390297999838367,0.0004998679996788269,accuracy,0.9475
C,c0,logistic_regression,2,42,1600,400,0.005390297999838367,0.0004998679996788269,recall,0.43333333333333335
C,c0,logistic_regression,2,42,1600,400,0.005390297999838367,0.0004998679996788269,precision,0.7647058823529411
C,c0,logistic_regression,2,42,1600,400,0.005390297999838367,0.0004998679996788269,f1,0.5531914893617021
C,c0,logistic_regression,2,42,1600,400,0.005390297999838367,0.0004998679996788269,balanced_accuracy,0.7112612612612612
C,c0,logistic_regression,2,42,1600,400,0.005390297999838367,0.0004998679996788269,mcc,0.5516803376936621
C,c0,logistic_regression,2,42,1600,400,0.005390297999838367,0.0004998679996788269,average_precision,0.6545904278690216
C,c0,logistic_regression,2,42,1600,400,0.005390297999838367,0.0004998679996788269,roc_auc,0.8904504504504505
C,c0,logistic_regression,3,42,1600,400,0.005968405000203347,0.0005833660006828723,accuracy,0.9475
C,c0,logistic_regression,3,42,1600,400,0.005968405000203347,0.0005833660006828723,recall,0.3
C,c0,logistic_regression,3,42,1600,400,0.005968405000203347,0.0005833660006828723,precision,1.0
C,c0,logistic_regression,3,42,1600,400,0.005968405000203347,0.0005833660006828723,f1,0.46153846153846156
C,c0,logistic_regression,3,42,1600,400,0.005968405000203347,0.0005833660006828723,balanced_accuracy,0.65
C,c0,logistic_regression,3,42,1600,400,0.005968405000203347,0.0005833660006828723,mcc,0.5328109120792203
C,c0,logistic_regression,3,42,1600,400,0.005968405000203347,0.0005833660006828723,average_precision,0.6168545939443565
C,c0,logistic_regression,3,42,1600,400,0.005968405000203347,0.0005833660006828723,roc_auc,0.8900900900900901
C,c0,logistic_regression,4,42,1600,400,0.007084308000230521,0.000597101000494149,accuracy,0.945
C,c0,logistic_regression,4,42,1600,400,0.007084308000230521,0.000597101000494149,recall,0.4
C,c0,logistic_regression,4,42,1600,400,0.007084308000230521,0.000597101000494149,precision,0.75
C,c0,logistic_regression,4,42,1600,400,0.007084308000230521,0.000597101000494149,f1,0.5217391304347826
C,c0,logistic_regression,4,42,1600,400,0.007084308000230521,0.000597101000494149,balanced_accuracy,0.6945945945945946
C,c0,logistic_regression,4,42,1600,400,0.007084308000230521,0.000597101000494149,mcc,0.5231143743471868
C,c0,logistic_regression,4,42,1600,400,0.007084308000230521,0.000597101000494149,average_precision,0.6254030378745074
C,c0,logistic_regression,4,42,1600,400,0.007084308000230521,0.000597101000494149,roc_auc,0.9057657657657658
C,c0,linear_svc,0,42,1600,400,0.004351104999841482,0.0005837560001964448,accuracy,0.94
C,c0,linear_svc,0,42,1600,400,0.004351104999841482,0.0005837560001964448,recall,0.27586206896551724
C,c0,linear_svc,0,42,1600,400,0.004351104999841482,0.0005837560001964448,precision,0.7272727272727273
C,c0,linear_svc,0,42,1600,400,0.004351104999841482,0.0005837560001964448,f1,0.4
C,c0,linear_svc,0,42,1600,400,0.004351104999841482,0.0005837560001964448,balanced_accuracy,0.6338879077981225
C,c0,linear_svc,0,42,1600,400,0.004351104999841482,0.0005837560001964448,mcc,0.424606033732916
C,c0,linear_svc,0,42,1600,400,0.004351104999841482,0.0005837560001964448,average_precision,0.5315594814242743
C,c0,linear_svc,0,42,1600,400,0.004351104999841482,0.0005837560001964448,roc_auc,0.8568640208197787
C,c0,linear_svc,1,42,1600,400,0.004665080999984639,0.0005268209997666418,accuracy,0.96
C,c0,linear_svc,1,42,1600,400,0.004665080999984639,0.0005268209997666418,recall,0.4482758620689655
C,c0,linear_svc,1,42,1600,400,0.004665080999984639,0.0005268209997666418,precision,1.0
C,c0,linear_svc,1,42,1600,400,0.004665080999984639,0.0005268209997666418,f1,0.6190476190476191
C,c0,linear_svc,1,42,1600,400,0.004665080999984639,0.0005268209997666418,balanced_accuracy,0.7241379310344828
C,c0,linear_svc,1,42,1600,400,0.004665080999984639,0.0005268209997666418,mcc,0.6555474758509394
C,c0,linear_svc,1,42,1600,400,0.004665080999984639,0.0005268209997666418,average_precision,0.804402349181789
C,c0,linear_svc,1,42,1600,400,0.004665080999984639,0.0005268209997666418,roc_auc,0.9339157914304304
C,c0,linear_svc,2,42,1600,400,0.004156418000093254,0.0007434279996232362,accuracy,0.95
C,c0,linear_svc,2,42,1600,400,0.004156418000093254,0.0007434279996232362,recall,0.4
C,c0,linear_svc,2,42,1600,400,0.004156418000093254,0.0007434279996232362,precision,0.8571428571428571
C,c0,linear_svc,2,42,1600,400,0.004156418000093254,0.0007434279996232362,f1,0.5454545454545454
C,c0,linear_svc,2,42,1600,400,0.004156418000093254,0.0007434279996232362,balanced_accuracy,0.6972972972972973
C,c0,linear_svc,2,42,1600,400,0.004156418000093254,0.0007434279996232362,mcc,0.565529092107599
C,c0,linear_svc,2,42,1600,400,0.004156418000093254,0.0007434279996232362,average_precision,0.6548440452985638
C,c0,linear_svc,2,42,1600,400,0.004156418000093254,0.0007434279996232362,roc_auc,0.89
C,c0,linear_svc,3,42,1600,400,0.0030447380004261504,0.00039064100019459147,accuracy,0.945
C,c0,linear_svc,3,42,1600,400,0.0030447380004261504,0.00039064100019459147,recall,0.26666666666666666
C,c0,linear_svc,3,42,1600,400,0.0030447380004261504,0.00039064100019459147,precision,1.0
C,c0,linear_svc,3,42,1600,400,0.0030447380004261504,0.00039064100019459147,f1,0.42105263157894735
C,c0,linear_svc,3,42,1600,400,0.0030447380004261504,0.00039064100019459147,balanced_accuracy,0.6333333333333333
C,c0,linear_svc,3,42,1600,400,0.0030447380004261504,0.00039064100019459147,mcc,0.5016977977548923
C,c0,linear_svc,3,42,1600,400,0.0030447380004261504,0.00039064100019459147,average_precision,0.6258711975669189
C,c0,linear_svc,3,42,1600,400,0.0030447380004261504,0.00039064100019459147,roc_auc,0.8895495495495496
C,c0,linear_svc,4,42,1600,400,0.003270152000368398,0.000502257999869471,accuracy,0.9475
C,c0,linear_svc,4,42,1600,400,0.003270152000368398,0.000502257999869471,recall,0.36666666666666664
C,c0,linear_svc,4,42,1600,400,0.003270152000368398,0.000502257999869471,precision,0.8461538461538461
C,c0,linear_svc,4,42,1600,400,0.003270152000368398,0.000502257999869471,f1,0.5116279069767442
C,c0,linear_svc,4,42,1600,400,0.003270152000368398,0.000502257999869471,balanced_accuracy,0.6806306306306307
C,c0,linear_svc,4,42,1600,400,0.003270152000368398,0.000502257999869471,mcc,0.536606247345715
C,c0,linear_svc,4,42,1600,400,0.003270152000368398,0.000502257999869471,average_precision,0.627940008044001
C,c0,linear_svc,4,42,1600,400,0.003270152000368398,0.000502257999869471,roc_auc,0.9031531531531533
C,c0,random_forest,0,42,1600,400,0.3328308410000318,0.009067803000107233,accuracy,0.95
C,c0,random_forest,0,42,1600,400,0.3328308410000318,0.009067803000107233,recall,0.41379310344827586
C,c0,random_forest,0,42,1600,400,0.3328308410000318,0.009067803000107233,precision,0.8
C,c0,random_forest,0,42,1600,400,0.3328308410000318,0.009067803000107233,f1,0.5454545454545454
C,c0,random_forest,0,42,1600,400,0.3328308410000318,0.009067803000107233,balanced_accuracy,0.7028534250395018
C,c0,random_forest,0,42,1600,400,0.3328308410000318,0.009067803000107233,mcc,0.5537609155747234
C,c0,random_forest,0,42,1600,400,0.3328308410000318,0.009067803000107233,average_precision,0.6800150713048331
C,c0,random_forest,0,42,1600,400,0.3328308410000318,0.009067803000107233,roc_auc,0.9251324472534621
C,c0,random_forest,1,42,1600,400,0.3330305129993576,0.01116665599965927,accuracy,0.98
C,c0,random_forest,1,42,1600,400,0.3330305129993576,0.01116665599965927,recall,0.7241379310344828
C,c0,random_forest,1,42,1600,400,0.3330305129993576,0.01116665599965927,precision,1.0
C,c0,random_forest,1,42,1600,400,0.3330305129993576,0.01116665599965927,f1,0.84
C,c0,random_forest,1,42,1600,400,0.3330305129993576,0.01116665599965927,balanced_accuracy,0.8620689655172413
C,c0,random_forest,1,42,1600,400,0.3330305129993576,0.01116665599965927,mcc,0.8419339033806177
C,c0,random_forest,1,42,1600,400,0.3330305129993576,0.01116665599965927,average_precision,0.9067338519397043
C,c0,random_forest,1,42,1600,400,0.3330305129993576,0.01116665599965927,roc_auc,0.9703504043126685
C,c0,random_forest,2,42,1600,400,0.315670011000293,0.008526249000169628,accuracy,0.9675
C,c0,random_forest,2,42,1600,400,0.315670011000293,0.008526249000169628,recall,0.5666666666666667
C,c0,random_forest,2,42,1600,400,0.315670011000293,0.008526249000169628,precision,1.0
C,c0,random_forest,2,42,1600,400,0.315670011000293,0.008526249000169628,f1,0.723404255319149
C,c0,random_forest,2,42,1600,400,0.315670011000293,0.008526249000169628,balanced_accuracy,0.7833333333333333
C,c0,random_forest,2,42,1600,400,0.315670011000293,0.008526249000169628,mcc,0.739886849486809
C,c0,random_forest,2,42,1600,400,0.315670011000293,0.008526249000169628,average_precision,0.8383234707120417
C,c0,random_forest,2,42,1600,400,0.315670011000293,0.008526249000169628,roc_auc,0.9352702702702702
C,c0,random_forest,3,42,1600,400,0.32884172599915473,0.00966951699956553,accuracy,0.96
C,c0,random_forest,3,42,1600,400,0.32884172599915473,0.00966951699956553,recall,0.5666666666666667
C,c0,random_forest,3,42,1600,400,0.32884172599915473,0.00966951699956553,precision,0.85
C,c0,random_forest,3,42,1600,400,0.32884172599915473,0.00966951699956553,f1,0.68
C,c0,random_forest,3,42,1600,400,0.32884172599915473,0.00966951699956553,balanced_accuracy,0.7792792792792793
C,c0,random_forest,3,42,1600,400,0.32884172599915473,0.00966951699956553,mcc,0.6750305122794804
C,c0,random_forest,3,42,1600,400,0.32884172599915473,0.00966951699956553,average_precision,0.7677888887248493
C,c0,random_forest,3,42,1600,400,0.32884172599915473,0.00966951699956553,roc_auc,0.93509009009009
C,c0,random_forest,4,42,1600,400,0.3267344800005958,0.008992906999992556,accuracy,0.97
C,c0,random_forest,4,42,1600,400,0.3267344800005958,0.008992906999992556,recall,0.6666666666666666
C,c0,random_forest,4,42,1600,400,0.3267344800005958,0.008992906999992556,precision,0.9090909090909091
C,c0,random_forest,4,42,1600,400,0.3267344800005958,0.008992906999992556,f1,0.7692307692307693
C,c0,random_forest,4,42,1600,400,0.3267344800005958,0.008992906999992556,balanced_accuracy,0.8306306306306306
C,c0,random_forest,4,42,1600,400,0.3267344800005958,0.008992906999992556,mcc,0.7639718037900681
C,c0,random_forest,4,42,1600,400,0.3267344800005958,0.008992906999992556,average_precision,0.8483231040252428
C,c0,random_forest,4,42,1600,400,0.3267344800005958,0.008992906999992556,roc_auc,0.9481531531531531
C,c0,knn,0,42,1600,400,0.0024217090003730846,0.007910134000667313,accuracy,0.955
C,c0,knn,0,42,1600,400,0.0024217090003730846,0.007910134000667313,recall,0.3793103448275862
C,c0,knn,0,42,1600,400,0.0024217090003730846,0.007910134000667313,precision,1.0
C,c0,knn,0,42,1600,400,0.0024217090003730846,0.007910134000667313,f1,0.55
C,c0,knn,0,42,1600,400,0.0024217090003730846,0.007910134000667313,balanced_accuracy,0.6896551724137931
C,c0,knn,0,42,1600,400,0.0024217090003730846,0.007910134000667313,mcc,0.6014638055064319
C,c0,knn,0,42,1600,400,0.0024217090003730846,0.007910134000667313,average_precision,0.5681326874109879
C,c0,knn,0,42,1600,400,0.0024217090003730846,0.007910134000667313,roc_auc,0.790826284970722
C,c0,knn,1,42,1600,400,0.003139718000056746,0.009587738999471185,accuracy,0.98
C,c0,knn,1,42,1600,400,0.003139718000056746,0.009587738999471185,recall,0.7241379310344828
C,c0,knn,1,42,1600,400,0.003139718000056746,0.009587738999471185,precision,1.0
C,c0,knn,1,42,1600,400,0.003139718000056746,0.009587738999471185,f1,0.84
C,c0,knn,1,42,1600,400,0.003139718000056746,0.009587738999471185,balanced_accuracy,0.8620689655172413
C,c0,knn,1,42,1600,400,0.003139718000056746,0.009587738999471185,mcc,0.8419339033806177
C,c0,knn,1,42,1600,400,0.003139718000056746,0.009587738999471185,average_precision,0.8175673801030519
C,c0,knn,1,42,1600,400,0.003139718000056746,0.009587738999471185,roc_auc,0.9355888093689004
C,c0,knn,2,42,1600,400,0.002457053000398446,0.008647506999295729,accuracy,0.97
C,c0,knn,2,42,1600,400,0.002457053000398446,0.008647506999295729,recall,0.6
C,c0,knn,2,42,1600,400,0.002457053000398446,0.008647506999295729,precision,1.0
C,c0,knn,2,42,1600,400,0.002457053000398446,0.008647506999295729,f1,0.75
C,c0,knn,2,42,1600,400,0.002457053000398446,0.008647506999295729,balanced_accuracy,0.8
C,c0,knn,2,42,1600,400,0.002457053000398446,0.008647506999295729,mcc,0.7623331505718042
C,c0,knn,2,42,1600,400,0.002457053000398446,0.008647506999295729,average_precision,0.7289124293785311
C,c0,knn,2,42,1600,400,0.002457053000398446,0.008647506999295729,roc_auc,0.8995045045045047
C,c0,knn,3,42,1600,400,0.0022005880000506295,0.008021714000278735,accuracy,0.9625
C,c0,knn,3,42,1600,400,0.0022005880000506295,0.008021714000278735,recall,0.5
C,c0,knn,3,42,1600,400,0.0022005880000506295,0.008021714000278735,precision,1.0
C,c0,knn,3,42,1600,400,0.0022005880000506295,0.008021714000278735,f1,0.6666666666666666
C,c0,knn,3,42,1600,400,0.0022005880000506295,0.008021714000278735,balanced_accuracy,0.75
C,c0,knn,3,42,1600,400,0.0022005880000506295,0.008021714000278735,mcc,0.6931951244198711
C,c0,knn,3,42,1600,400,0.0022005880000506295,0.008021714000278735,average_precision,0.718968253968254
C,c0,knn,3,42,1600,400,0.0022005880000506295,0.008021714000278735,roc_auc,0.8872972972972973
C,c0,knn,4,42,1600,400,0.0023108270006559906,0.009334016999673622,accuracy,0.965
C,c0,knn,4,42,1600,400,0.0023108270006559906,0.009334016999673622,recall,0.5666666666666667
C,c0,knn,4,42,1600,400,0.0023108270006559906,0.009334016999673622,precision,0.9444444444444444
C,c0,knn,4,42,1600,400,0.0023108270006559906,0.009334016999673622,f1,0.7083333333333334
C,c0,knn,4,42,1600,400,0.0023108270006559906,0.009334016999673622,balanced_accuracy,0.781981981981982
C,c0,knn,4,42,1600,400,0.0023108270006559906,0.009334016999673622,mcc,0.7165473757626868
C,c0,knn,4,42,1600,400,0.0023108270006559906,0.009334016999673622,average_precision,0.7500992063492062
C,c0,knn,4,42,1600,400,0.0023108270006559906,0.009334016999673622,roc_auc,0.9055405405405406
C,c1,logistic_regression,0,42,1600,400,0.013874406000468298,0.0006116260001363116,accuracy,0.8125
C,c1,logistic_regression,0,42,1600,400,0.013874406000468298,0.0006116260001363116,recall,0.7241379310344828
C,c1,logistic_regression,0,42,1600,400,0.013874406000468298,0.0006116260001363116,precision,0.23863636363636365
C,c1,logistic_regression,0,42,1600,400,0.013874406000468298,0.0006116260001363116,f1,0.358974358974359
C,c1,logistic_regression,0,42,1600,400,0.013874406000468298,0.0006116260001363116,balanced_accuracy,0.771772469560368
C,c1,logistic_regression,0,42,1600,400,0.013874406000468298,0.0006116260001363116,mcc,0.3402536377816946
C,c1,logistic_regression,0,42,1600,400,0.013874406000468298,0.0006116260001363116,average_precision,0.5263515341947799
C,c1,logistic_regression,0,42,1600,400,0.013874406000468298,0.0006116260001363116,roc_auc,0.8768472906403941
C,c1,logistic_regression,1,42,1600,400,0.013184964999709337,0.00061362199994619,accuracy,0.8325
C,c1,logistic_regression,1,42,1600,400,0.013184964999709337,0.00061362199994619,recall,0.896551724137931
C,c1,logistic_regression,1,42,1600,400,0.013184964999709337,0.00061362199994619,precision,0.28888888888888886
C,c1,logistic_regression,1,42,1600,400,0.013184964999709337,0.00061362199994619,f1,0.4369747899159664
C,c1,logistic_regression,1,42,1600,400,0.013184964999709337,0.00061362199994619,balanced_accuracy,0.8620224927967284
C,c1,logistic_regression,1,42,1600,400,0.013184964999709337,0.00061362199994619,mcc,0.4496239144399564
C,c1,logistic_regression,1,42,1600,400,0.013184964999709337,0.00061362199994619,average_precision,0.8011196340385711
C,c1,logistic_regression,1,42,1600,400,0.013184964999709337,0.00061362199994619,roc_auc,0.936890045543266
C,c1,logistic_regression,2,42,1600,400,0.013112900000123773,0.0008031850002225838,accuracy,0.8575
C,c1,logistic_regression,2,42,1600,400,0.013112900000123773,0.0008031850002225838,recall,0.8333333333333334
C,c1,logistic_regression,2,42,1600,400,0.013112900000123773,0.0008031850002225838,precision,0.3246753246753247
C,c1,logistic_regression,2,42,1600,400,0.013112900000123773,0.0008031850002225838,f1,0.4672897196261682
C,c1,logistic_regression,2,42,1600,400,0.013112900000123773,0.0008031850002225838,balanced_accuracy,0.8463963963963964
C,c1,logistic_regression,2,42,1600,400,0.013112900000123773,0.0008031850002225838,mcc,0.46282650993116803
C,c1,logistic_regression,2,42,1600,400,0.013112900000123773,0.0008031850002225838,average_precision,0.6408570403473298
C,c1,logistic_regression,2,42,1600,400,0.013112900000123773,0.0008031850002225838,roc_auc,0.8922522522522522
C,c1,logistic_regression,3,42,1600,400,0.008647711999401508,0.000543815999662911,accuracy,0.85
C,c1,logistic_regression,3,42,1600,400,0.008647711999401508,0.000543815999662911,recall,0.7333333333333333
C,c1,logistic_regression,3,42,1600,400,0.008647711999401508,0.000543815999662911,precision,0.2972972972972973
C,c1,logistic_regression,3,42,1600,400,0.008647711999401508,0.000543815999662911,f1,0.4230769230769231
C,c1,logistic_regression,3,42,1600,400,0.008647711999401508,0.000543815999662911,balanced_accuracy,0.7963963963963964
C,c1,logistic_regression,3,42,1600,400,0.008647711999401508,0.000543815999662911,mcc,0.40210525084210347
C,c1,logistic_regression,3,42,1600,400,0.008647711999401508,0.000543815999662911,average_precision,0.5665266196792472
C,c1,logistic_regression,3,42,1600,400,0.008647711999401508,0.000543815999662911,roc_auc,0.8839639639639639
C,c1,logistic_regression,4,42,1600,400,0.01368340699991677,0.0006270089997997275,accuracy,0.8725
C,c1,logistic_regression,4,42,1600,400,0.01368340699991677,0.0006270089997997275,recall,0.7666666666666667
C,c1,logistic_regression,4,42,1600,400,0.01368340699991677,0.0006270089997997275,precision,0.34328358208955223
C,c1,logistic_regression,4,42,1600,400,0.01368340699991677,0.0006270089997997275,f1,0.4742268041237113
C,c1,logistic_regression,4,42,1600,400,0.01368340699991677,0.0006270089997997275,balanced_accuracy,0.8238738738738739
C,c1,logistic_regression,4,42,1600,400,0.01368340699991677,0.0006270089997997275,mcc,0.4568860340561551
C,c1,logistic_regression,4,42,1600,400,0.01368340699991677,0.0006270089997997275,average_precision,0.596668840942855
C,c1,logistic_regression,4,42,1600,400,0.01368340699991677,0.0006270089997997275,roc_auc,0.9101801801801802
C,c1,linear_svc,0,42,1600,400,0.038357268999789085,0.0008394679998673382,accuracy,0.815
C,c1,linear_svc,0,42,1600,400,0.038357268999789085,0.0008394679998673382,recall,0.7241379310344828
C,c1,linear_svc,0,42,1600,400,0.038357268999789085,0.0008394679998673382,precision,0.2413793103448276
C,c1,linear_svc,0,42,1600,400,0.038357268999789085,0.0008394679998673382,f1,0.3620689655172414
C,c1,linear_svc,0,42,1600,400,0.038357268999789085,0.0008394679998673382,balanced_accuracy,0.7731201784552468
C,c1,linear_svc,0,42,1600,400,0.038357268999789085,0.0008394679998673382,mcc,0.3433507037424792
C,c1,linear_svc,0,42,1600,400,0.038357268999789085,0.0008394679998673382,average_precision,0.5234517355278671
C,c1,linear_svc,0,42,1600,400,0.038357268999789085,0.0008394679998673382,roc_auc,0.8745236546147411
C,c1,linear_svc,1,42,1600,400,0.007248934000017471,0.0005678269999407348,accuracy,0.83
C,c1,linear_svc,1,42,1600,400,0.007248934000017471,0.0005678269999407348,recall,0.896551724137931
C,c1,linear_svc,1,42,1600,400,0.007248934000017471,0.0005678269999407348,precision,0.2857142857142857
C,c1,linear_svc,1,42,1600,400,0.007248934000017471,0.0005678269999407348,f1,0.43333333333333335
C,c1,linear_svc,1,42,1600,400,0.007248934000017471,0.0005678269999407348,balanced_accuracy,0.8606747839018496
C,c1,linear_svc,1,42,1600,400,0.007248934000017471,0.0005678269999407348,mcc,0.44620228893761943
C,c1,linear_svc,1,42,1600,400,0.007248934000017471,0.0005678269999407348,average_precision,0.8044488435993971
C,c1,linear_svc,1,42,1600,400,0.007248934000017471,0.0005678269999407348,roc_auc,0.9347523003996654
C,c1,linear_svc,2,42,1600,400,0.008155400999385165,0.0005279770002744044,accuracy,0.855
C,c1,linear_svc,2,42,1600,400,0.008155400999385165,0.0005279770002744044,recall,0.8333333333333334
C,c1,linear_svc,2,42,1600,400,0.008155400999385165,0.0005279770002744044,precision,0.32051282051282054
C,c1,linear_svc,2,42,1600,400,0.008155400999385165,0.0005279770002744044,f1,0.46296296296296297
C,c1,linear_svc,2,42,1600,400,0.008155400999385165,0.0005279770002744044,balanced_accuracy,0.8450450450450451
C,c1,linear_svc,2,42,1600,400,0.008155400999385165,0.0005279770002744044,mcc,0.45876686514393455
C,c1,linear_svc,2,42,1600,400,0.008155400999385165,0.0005279770002744044,average_precision,0.6413240792610352
C,c1,linear_svc,2,42,1600,400,0.008155400999385165,0.0005279770002744044,roc_auc,0.8922522522522522
C,c1,linear_svc,3,42,1600,400,0.006452964000345673,0.0005471149997902103,accuracy,0.855
C,c1,linear_svc,3,42,1600,400,0.006452964000345673,0.0005471149997902103,recall,0.7666666666666667
C,c1,linear_svc,3,42,1600,400,0.006452964000345673,0.0005471149997902103,precision,0.3108108108108108
C,c1,linear_svc,3,42,1600,400,0.006452964000345673,0.0005471149997902103,f1,0.4423076923076923
C,c1,linear_svc,3,42,1600,400,0.006452964000345673,0.0005471149997902103,balanced_accuracy,0.8144144144144144
C,c1,linear_svc,3,42,1600,400,0.006452964000345673,0.0005471149997902103,mcc,0.42654933903919184
C,c1,linear_svc,3,42,1600,400,0.006452964000345673,0.0005471149997902103,average_precision,0.5901041832071859
C,c1,linear_svc,3,42,1600,400,0.006452964000345673,0.0005471149997902103,roc_auc,0.8872972972972973
C,c1,linear_svc,4,42,1600,400,0.006274611000662844,0.0006188900006236508,accuracy,0.8725
C,c1,linear_svc,4,42,1600,400,0.006274611000662844,0.0006188900006236508,recall,0.7666666666666667
C,c1,linear_svc,4,42,1600,400,0.006274611000662844,0.0006188900006236508,precision,0.34328358208955223
C,c1,linear_svc,4,42,1600,400,0.006274611000662844,0.0006188900006236508,f1,0.4742268041237113
C,c1,linear_svc,4,42,1600,400,0.006274611000662844,0.0006188900006236508,balanced_accuracy,0.8238738738738739
C,c1,linear_svc,4,42,1600,400,0.006274611000662844,0.0006188900006236508,mcc,0.4568860340561551
C,c1,linear_svc,4,42,1600,400,0.006274611000662844,0.0006188900006236508,average_precision,0.6053029340148542
C,c1,linear_svc,4,42,1600,400,0.006274611000662844,0.0006188900006236508,roc_auc,0.9078378378378379
C,c1,random_forest,0,42,1600,400,0.47036385699993843,0.009514578000562324,accuracy,0.955
C,c1,random_forest,0,42,1600,400,0.47036385699993843,0.009514578000562324,recall,0.6896551724137931
C,c1,random_forest,0,42,1600,400,0.47036385699993843,0.009514578000562324,precision,0.6896551724137931
C,c1,random_forest,0,42,1600,400,0.47036385699993843,0.009514578000562324,f1,0.6896551724137931
C,c1,random_forest,0,42,1600,400,0.47036385699993843,0.009514578000562324,balanced_accuracy,0.8326982061529882
C,c1,random_forest,0,42,1600,400,0.47036385699993843,0.009514578000562324,mcc,0.6653964123059763
C,c1,random_forest,0,42,1600,400,0.47036385699993843,0.009514578000562324,average_precision,0.7585795097678415
C,c1,random_forest,0,42,1600,400,0.47036385699993843,0.009514578000562324,roc_auc,0.9444186262663816
C,c1,random_forest,1,42,1600,400,0.5096720789997562,0.009310474000812974,accuracy,0.9675
C,c1,random_forest,1,42,1600,400,0.5096720789997562,0.009310474000812974,recall,0.8620689655172413
C,c1,random_forest,1,42,1600,400,0.5096720789997562,0.009310474000812974,precision,0.7352941176470589
C,c1,random_forest,1,42,1600,400,0.5096720789997562,0.009310474000812974,f1,0.7936507936507936
C,c1,random_forest,1,42,1600,400,0.5096720789997562,0.009310474000812974,balanced_accuracy,0.9189051027047124
C,c1,random_forest,1,42,1600,400,0.5096720789997562,0.009310474000812974,mcc,0.7790253654757908
C,c1,random_forest,1,42,1600,400,0.5096720789997562,0.009310474000812974,average_precision,0.9121729087030613
C,c1,random_forest,1,42,1600,400,0.5096720789997562,0.009310474000812974,roc_auc,0.973185240263965
C,c1,random_forest,2,42,1600,400,0.5086281670000972,0.009596287999556807,accuracy,0.9625
C,c1,random_forest,2,42,1600,400,0.5086281670000972,0.009596287999556807,recall,0.8
C,c1,random_forest,2,42,1600,400,0.5086281670000972,0.009596287999556807,precision,0.7272727272727273
C,c1,random_forest,2,42,1600,400,0.5086281670000972,0.009596287999556807,f1,0.7619047619047619
C,c1,random_forest,2,42,1600,400,0.5086281670000972,0.009596287999556807,balanced_accuracy,0.8878378378378379
C,c1,random_forest,2,42,1600,400,0.5086281670000972,0.009596287999556807,mcc,0.7425943831806375
C,c1,random_forest,2,42,1600,400,0.5086281670000972,0.009596287999556807,average_precision,0.8285778676821155
C,c1,random_forest,2,42,1600,400,0.5086281670000972,0.009596287999556807,roc_auc,0.9455855855855855
C,c1,random_forest,3,42,1600,400,0.5113536519993431,0.009586914000465185,accuracy,0.9575
C,c1,random_forest,3,42,1600,400,0.5113536519993431,0.009586914000465185,recall,0.7333333333333333
C,c1,random_forest,3,42,1600,400,0.5113536519993431,0.009586914000465185,precision,0.7096774193548387
C,c1,random_forest,3,42,1600,400,0.5113536519993431,0.009586914000465185,f1,0.7213114754098361
C,c1,random_forest,3,42,1600,400,0.5113536519993431,0.009586914000465185,balanced_accuracy,0.8545045045045045
C,c1,random_forest,3,42,1600,400,0.5113536519993431,0.009586914000465185,mcc,0.6984240937874635
C,c1,random_forest,3,42,1600,400,0.5113536519993431,0.009586914000465185,average_precision,0.7487334174394124
C,c1,random_forest,3,42,1600,400,0.5113536519993431,0.009586914000465185,roc_auc,0.8897297297297299
C,c1,random_forest,4,42,1600,400,0.5270804619995033,0.008976432999588724,accuracy,0.9775
C,c1,random_forest,4,42,1600,400,0.5270804619995033,0.008976432999588724,recall,0.8
C,c1,random_forest,4,42,1600,400,0.5270804619995033,0.008976432999588724,precision,0.8888888888888888
C,c1,random_forest,4,42,1600,400,0.5270804619995033,0.008976432999588724,f1,0.8421052631578947
C,c1,random_forest,4,42,1600,400,0.5270804619995033,0.008976432999588724,balanced_accuracy,0.895945945945946
C,c1,random_forest,4,42,1600,400,0.5270804619995033,0.008976432999588724,mcc,0.8313637570447889
C,c1,random_forest,4,42,1600,400,0.5270804619995033,0.008976432999588724,average_precision,0.8846487063573664
C,c1,random_forest,4,42,1600,400,0.5270804619995033,0.008976432999588724,roc_auc,0.9552252252252252
C,c1,knn,0,42,1600,400,0.0053345480000643875,0.01222366299953137,accuracy,0.925
C,c1,knn,0,42,1600,400,0.0053345480000643875,0.01222366299953137,recall,0.6551724137931034
C,c1,knn,0,42,1600,400,0.0053345480000643875,0.01222366299953137,precision,0.48717948717948717
C,c1,knn,0,42,1600,400,0.0053345480000643875,0.01222366299953137,f1,0.5588235294117647
C,c1,knn,0,42,1600,400,0.0053345480000643875,0.01222366299953137,balanced_accuracy,0.8006320289989776
C,c1,knn,0,42,1600,400,0.0053345480000643875,0.01222366299953137,mcc,0.5256120255121031
C,c1,knn,0,42,1600,400,0.0053345480000643875,0.01222366299953137,average_precision,0.6288238067811396
C,c1,knn,0,42,1600,400,0.0053345480000643875,0.01222366299953137,roc_auc,0.844455804442792
C,c1,knn,1,42,1600,400,0.005523232000086864,0.011552580000170565,accuracy,0.905
C,c1,knn,1,42,1600,400,0.005523232000086864,0.011552580000170565,recall,0.896551724137931
C,c1,knn,1,42,1600,400,0.005523232000086864,0.011552580000170565,precision,0.4262295081967213
C,c1,knn,1,42,1600,400,0.005523232000086864,0.011552580000170565,f1,0.5777777777777777
C,c1,knn,1,42,1600,400,0.005523232000086864,0.011552580000170565,balanced_accuracy,0.9011060507482108
C,c1,knn,1,42,1600,400,0.005523232000086864,0.011552580000170565,mcc,0.5786425903380614
C,c1,knn,1,42,1600,400,0.005523232000086864,0.011552580000170565,average_precision,0.6347848273712465
C,c1,knn,1,42,1600,400,0.005523232000086864,0.011552580000170565,roc_auc,0.9542708430151502
C,c1,knn,2,42,1600,400,0.006183693999446405,0.012367989999802376,accuracy,0.9075
C,c1,knn,2,42,1600,400,0.006183693999446405,0.012367989999802376,recall,0.8
C,c1,knn,2,42,1600,400,0.006183693999446405,0.012367989999802376,precision,0.43636363636363634
C,c1,knn,2,42,1600,400,0.006183693999446405,0.012367989999802376,f1,0.5647058823529412
C,c1,knn,2,42,1600,400,0.006183693999446405,0.012367989999802376,balanced_accuracy,0.8581081081081081
C,c1,knn,2,42,1600,400,0.006183693999446405,0.012367989999802376,mcc,0.5477908162206152
C,c1,knn,2,42,1600,400,0.006183693999446405,0.012367989999802376,average_precision,0.6493285661706715
C,c1,knn,2,42,1600,400,0.006183693999446405,0.012367989999802376,roc_auc,0.9032882882882883
C,c1,knn,3,42,1600,400,0.006660733999524382,0.012169526999969094,accuracy,0.935
C,c1,knn,3,42,1600,400,0.006660733999524382,0.012169526999969094,recall,0.7666666666666667
C,c1,knn,3,42,1600,400,0.006660733999524382,0.012169526999969094,precision,0.5476190476190477
C,c1,knn,3,42,1600,400,0.006660733999524382,0.012169526999969094,f1,0.6388888888888888
C,c1,knn,3,42,1600,400,0.006660733999524382,0.012169526999969094,balanced_accuracy,0.8576576576576577
C,c1,knn,3,42,1600,400,0.006660733999524382,0.012169526999969094,mcc,0.614600422558964
C,c1,knn,3,42,1600,400,0.006660733999524382,0.012169526999969094,average_precision,0.6885048229156921
C,c1,knn,3,42,1600,400,0.006660733999524382,0.012169526999969094,roc_auc,0.9093243243243244
C,c1,knn,4,42,1600,400,0.005119519999425393,0.01128903500011802,accuracy,0.94
C,c1,knn,4,42,1600,400,0.005119519999425393,0.01128903500011802,recall,0.8333333333333334
C,c1,knn,4,42,1600,400,0.005119519999425393,0.01128903500011802,precision,0.5681818181818182
C,c1,knn,4,42,1600,400,0.005119519999425393,0.01128903500011802,f1,0.6756756756756757
C,c1,knn,4,42,1600,400,0.005119519999425393,0.01128903500011802,balanced_accuracy,0.890990990990991
C,c1,knn,4,42,1600,400,0.005119519999425393,0.01128903500011802,mcc,0.6582742979203877
C,c1,knn,4,42,1600,400,0.005119519999425393,0.01128903500011802,average_precision,0.7527445674324322
C,c1,knn,4,42,1600,400,0.005119519999425393,0.01128903500011802,roc_auc,0.9160810810810811
C,c2,logistic_regression,0,42,1600,400,0.005876698000065517,0.0005840390003868379,accuracy,0.7975
C,c2,logistic_regression,0,42,1600,400,0.005876698000065517,0.0005840390003868379,recall,0.7241379310344828
C,c2,logistic_regression,0,42,1600,400,0.005876698000065517,0.0005840390003868379,precision,0.22340425531914893
C,c2,logistic_regression,0,42,1600,400,0.005876698000065517,0.0005840390003868379,f1,0.34146341463414637
C,c2,logistic_regression,0,42,1600,400,0.005876698000065517,0.0005840390003868379,balanced_accuracy,0.7636862161910958
C,c2,logistic_regression,0,42,1600,400,0.005876698000065517,0.0005840390003868379,mcc,0.32253640253482757
C,c2,logistic_regression,0,42,1600,400,0.005876698000065517,0.0005840390003868379,average_precision,0.5128998932220619
C,c2,logistic_regression,0,42,1600,400,0.005876698000065517,0.0005840390003868379,roc_auc,0.8670880193326518
C,c2,logistic_regression,1,42,1600,400,0.006348744000206352,0.0004869800004598801,accuracy,0.8225
C,c2,logistic_regression,1,42,1600,400,0.006348744000206352,0.0004869800004598801,recall,0.896551724137931
C,c2,logistic_regression,1,42,1600,400,0.006348744000206352,0.0004869800004598801,precision,0.2765957446808511
C,c2,logistic_regression,1,42,1600,400,0.006348744000206352,0.0004869800004598801,f1,0.42276422764227645
C,c2,logistic_regression,1,42,1600,400,0.006348744000206352,0.0004869800004598801,balanced_accuracy,0.8566316572172135
C,c2,logistic_regression,1,42,1600,400,0.006348744000206352,0.0004869800004598801,mcc,0.43622565263522506
C,c2,logistic_regression,1,42,1600,400,0.006348744000206352,0.0004869800004598801,average_precision,0.8002225493092989
C,c2,logistic_regression,1,42,1600,400,0.006348744000206352,0.0004869800004598801,roc_auc,0.9363323728971094
C,c2,logistic_regression,2,42,1600,400,0.008495731000039086,0.0005889439999009483,accuracy,0.8425
C,c2,logistic_regression,2,42,1600,400,0.008495731000039086,0.0005889439999009483,recall,0.8333333333333334
C,c2,logistic_regression,2,42,1600,400,0.008495731000039086,0.0005889439999009483,precision,0.30120481927710846
C,c2,logistic_regression,2,42,1600,400,0.008495731000039086,0.0005889439999009483,f1,0.4424778761061947
C,c2,logistic_regression,2,42,1600,400,0.008495731000039086,0.0005889439999009483,balanced_accuracy,0.8382882882882883
C,c2,logistic_regression,2,42,1600,400,0.008495731000039086,0.0005889439999009483,mcc,0.4394503050849774
C,c2,logistic_regression,2,42,1600,400,0.008495731000039086,0.0005889439999009483,average_precision,0.6547394013645638
C,c2,logistic_regression,2,42,1600,400,0.008495731000039086,0.0005889439999009483,roc_auc,0.8941441441441441
C,c2,logistic_regression,3,42,1600,400,0.006304229999841482,0.0007659749999220367,accuracy,0.8475
C,c2,logistic_regression,3,42,1600,400,0.006304229999841482,0.0007659749999220367,recall,0.8
C,c2,logistic_regression,3,42,1600,400,0.006304229999841482,0.0007659749999220367,precision,0.3037974683544304
C,c2,logistic_regression,3,42,1600,400,0.006304229999841482,0.0007659749999220367,f1,0.44036697247706424
C,c2,logistic_regression,3,42,1600,400,0.006304229999841482,0.0007659749999220367,balanced_accuracy,0.8256756756756757
C,c2,logistic_regression,3,42,1600,400,0.006304229999841482,0.0007659749999220367,mcc,0.4309339855891314
C,c2,logistic_regression,3,42,1600,400,0.006304229999841482,0.0007659749999220367,average_precision,0.583575182512629
C,c2,logistic_regression,3,42,1600,400,0.006304229999841482,0.0007659749999220367,roc_auc,0.8888288288288289
C,c2,logistic_regression,4,42,1600,400,0.008261068000138039,0.0005623839997497271,accuracy,0.86
C,c2,logistic_regression,4,42,1600,400,0.008261068000138039,0.0005623839997497271,recall,0.7666666666666667
C,c2,logistic_regression,4,42,1600,400,0.008261068000138039,0.0005623839997497271,precision,0.3194444444444444
C,c2,logistic_regression,4,42,1600,400,0.008261068000138039,0.0005623839997497271,f1,0.45098039215686275
C,c2,logistic_regression,4,42,1600,400,0.008261068000138039,0.0005623839997497271,balanced_accuracy,0.8171171171171172
C,c2,logistic_regression,4,42,1600,400,0.008261068000138039,0.0005623839997497271,mcc,0.4348184861483976
C,c2,logistic_regression,4,42,1600,400,0.008261068000138039,0.0005623839997497271,average_precision,0.6016448171440539
C,c2,logistic_regression,4,42,1600,400,0.008261068000138039,0.0005623839997497271,roc_auc,0.9111711711711712
C,c2,linear_svc,0,42,1600,400,0.0047023170000102255,0.0005256249996818951,accuracy,0.7975
C,c2,linear_svc,0,42,1600,400,0.0047023170000102255,0.0005256249996818951,recall,0.7241379310344828
C,c2,linear_svc,0,42,1600,400,0.0047023170000102255,0.0005256249996818951,precision,0.22340425531914893
C,c2,linear_svc,0,42,1600,400,0.0047023170000102255,0.0005256249996818951,f1,0.34146341463414637
C,c2,linear_svc,0,42,1600,400,0.0047023170000102255,0.0005256249996818951,balanced_accuracy,0.7636862161910958
C,c2,linear_svc,0,42,1600,400,0.0047023170000102255,0.0005256249996818951,mcc,0.32253640253482757
C,c2,linear_svc,0,42,1600,400,0.0047023170000102255,0.0005256249996818951,average_precision,0.5232828193883773
C,c2,linear_svc,0,42,1600,400,0.0047023170000102255,0.0005256249996818951,roc_auc,0.8646714378659727
C,c2,linear_svc,1,42,1600,400,0.004951314000209095,0.0005881979996047448,accuracy,0.82
C,c2,linear_svc,1,42,1600,400,0.004951314000209095,0.0005881979996047448,recall,0.896551724137931
C,c2,linear_svc,1,42,1600,400,0.004951314000209095,0.0005881979996047448,precision,0.2736842105263158
C,c2,linear_svc,1,42,1600,400,0.004951314000209095,0.0005881979996047448,f1,0.41935483870967744
C,c2,linear_svc,1,42,1600,400,0.004951314000209095,0.0005881979996047448,balanced_accuracy,0.8552839483223348
C,c2,linear_svc,1,42,1600,400,0.004951314000209095,0.0005881979996047448,mcc,0.4329919414868226
C,c2,linear_svc,1,42,1600,400,0.004951314000209095,0.0005881979996047448,average_precision,0.8044931606027245
C,c2,linear_svc,1,42,1600,400,0.004951314000209095,0.0005881979996047448,roc_auc,0.9339157914304304
C,c2,linear_svc,2,42,1600,400,0.005760453000220878,0.0005429269995147479,accuracy,0.845
C,c2,linear_svc,2,42,1600,400,0.005760453000220878,0.0005429269995147479,recall,0.8333333333333334
C,c2,linear_svc,2,42,1600,400,0.005760453000220878,0.0005429269995147479,precision,0.3048780487804878
C,c2,linear_svc,2,42,1600,400,0.005760453000220878,0.0005429269995147479,f1,0.44642857142857145
C,c2,linear_svc,2,42,1600,400,0.005760453000220878,0.0005429269995147479,balanced_accuracy,0.8396396396396397
C,c2,linear_svc,2,42,1600,400,0.005760453000220878,0.0005429269995147479,mcc,0.4431894058200347
C,c2,linear_svc,2,42,1600,400,0.005760453000220878,0.0005429269995147479,average_precision,0.6533317514853438
C,c2,linear_svc,2,42,1600,400,0.005760453000220878,0.0005429269995147479,roc_auc,0.8936036036036037
C,c2,linear_svc,3,42,1600,400,0.0032720240005801315,0.00037019899991719285,accuracy,0.8475
C,c2,linear_svc,3,42,1600,400,0.0032720240005801315,0.00037019899991719285,recall,0.7666666666666667
C,c2,linear_svc,3,42,1600,400,0.0032720240005801315,0.00037019899991719285,precision,0.2987012987012987
C,c2,linear_svc,3,42,1600,400,0.0032720240005801315,0.00037019899991719285,f1,0.42990654205607476
C,c2,linear_svc,3,42,1600,400,0.0032720240005801315,0.00037019899991719285,balanced_accuracy,0.8103603603603604
C,c2,linear_svc,3,42,1600,400,0.0032720240005801315,0.00037019899991719285,mcc,0.41467810837786057
C,c2,linear_svc,3,42,1600,400,0.0032720240005801315,0.00037019899991719285,average_precision,0.6025918955600998
C,c2,linear_svc,3,42,1600,400,0.0032720240005801315,0.00037019899991719285,roc_auc,0.8895495495495496
C,c2,linear_svc,4,42,1600,400,0.0033344030007356196,0.0003699200005939929,accuracy,0.865
C,c2,linear_svc,4,42,1600,400,0.0033344030007356196,0.0003699200005939929,recall,0.7666666666666667
C,c2,linear_svc,4,42,1600,400,0.0033344030007356196,0.0003699200005939929,precision,0.32857142857142857
C,c2,linear_svc,4,42,1600,400,0.0033344030007356196,0.0003699200005939929,f1,0.46
C,c2,linear_svc,4,42,1600,400,0.0033344030007356196,0.0003699200005939929,balanced_accuracy,0.8198198198198199
C,c2,linear_svc,4,42,1600,400,0.0033344030007356196,0.0003699200005939929,mcc,0.44339507958388147
C,c2,linear_svc,4,42,1600,400,0.0033344030007356196,0.0003699200005939929,average_precision,0.6085568425277116
C,c2,linear_svc,4,42,1600,400,0.0033344030007356196,0.0003699200005939929,roc_auc,0.909099099099099
C,c2,random_forest,0,42,1600,400,0.2643423139998049,0.008495283000229392,accuracy,0.96
C,c2,random_forest,0,42,1600,400,0.2643423139998049,0.008495283000229392,recall,0.6551724137931034
C,c2,random_forest,0,42,1600,400,0.2643423139998049,0.008495283000229392,precision,0.76
C,c2,random_forest,0,42,1600,400,0.2643423139998049,0.008495283000229392,f1,0.7037037037037037
C,c2,random_forest,0,42,1600,400,0.2643423139998049,0.008495283000229392,balanced_accuracy,0.8194999535272796
C,c2,random_forest,0,42,1600,400,0.2643423139998049,0.008495283000229392,mcc,0.6845435938200064
C,c2,random_forest,0,42,1600,400,0.2643423139998049,0.008495283000229392,average_precision,0.7337760450215568
C,c2,random_forest,0,42,1600,400,0.2643423139998049,0.008495283000229392,roc_auc,0.9345664095176132
C,c2,random_forest,1,42,1600,400,0.2494226550006715,0.009485042999585858,accuracy,0.98
C,c2,random_forest,1,42,1600,400,0.2494226550006715,0.009485042999585858,recall,0.8275862068965517
C,c2,random_forest,1,42,1600,400,0.2494226550006715,0.009485042999585858,precision,0.8888888888888888
C,c2,random_forest,1,42,1600,400,0.2494226550006715,0.009485042999585858,f1,0.8571428571428571
C,c2,random_forest,1,42,1600,400,0.2494226550006715,0.009485042999585858,balanced_accuracy,0.9097499767636397
C,c2,random_forest,1,42,1600,400,0.2494226550006715,0.009485042999585858,mcc,0.8470296034181032
C,c2,random_forest,1,42,1600,400,0.2494226550006715,0.009485042999585858,average_precision,0.9012580501049572
C,c2,random_forest,1,42,1600,400,0.2494226550006715,0.009485042999585858,roc_auc,0.9602193512408217
C,c2,random_forest,2,42,1600,400,0.2615174920001664,0.008568447000470769,accuracy,0.965
C,c2,random_forest,2,42,1600,400,0.2615174920001664,0.008568447000470769,recall,0.7
C,c2,random_forest,2,42,1600,400,0.2615174920001664,0.008568447000470769,precision,0.8076923076923077
C,c2,random_forest,2,42,1600,400,0.2615174920001664,0.008568447000470769,f1,0.75
C,c2,random_forest,2,42,1600,400,0.2615174920001664,0.008568447000470769,balanced_accuracy,0.8432432432432433
C,c2,random_forest,2,42,1600,400,0.2615174920001664,0.008568447000470769,mcc,0.7334508341977807
C,c2,random_forest,2,42,1600,400,0.2615174920001664,0.008568447000470769,average_precision,0.8433288013201468
C,c2,random_forest,2,42,1600,400,0.2615174920001664,0.008568447000470769,roc_auc,0.9319819819819819
C,c2,random_forest,3,42,1600,400,0.2521715729999414,0.008533367999916663,accuracy,0.965
C,c2,random_forest,3,42,1600,400,0.2521715729999414,0.008533367999916663,recall,0.7
C,c2,random_forest,3,42,1600,400,0.2521715729999414,0.008533367999916663,precision,0.8076923076923077
C,c2,random_forest,3,42,1600,400,0.2521715729999414,0.008533367999916663,f1,0.75
C,c2,random_forest,3,42,1600,400,0.2521715729999414,0.008533367999916663,balanced_accuracy,0.8432432432432433
C,c2,random_forest,3,42,1600,400,0.2521715729999414,0.008533367999916663,mcc,0.7334508341977807
C,c2,random_forest,3,42,1600,400,0.2521715729999414,0.008533367999916663,average_precision,0.7602773216560949
C,c2,random_forest,3,42,1600,400,0.2521715729999414,0.008533367999916663,roc_auc,0.9064864864864866
C,c2,random_forest,4,42,1600,400,0.29294987699995545,0.009625028999835195,accuracy,0.98
C,c2,random_forest,4,42,1600,400,0.29294987699995545,0.009625028999835195,recall,0.8
C,c2,random_forest,4,42,1600,400,0.29294987699995545,0.009625028999835195,precision,0.9230769230769231
C,c2,random_forest,4,42,1600,400,0.29294987699995545,0.009625028999835195,f1,0.8571428571428571
C,c2,random_forest,4,42,1600,400,0.29294987699995545,0.009625028999835195,balanced_accuracy,0.8972972972972973
C,c2,random_forest,4,42,1600,400,0.29294987699995545,0.009625028999835195,mcc,0.8489549025753839
C,c2,random_forest,4,42,1600,400,0.29294987699995545,0.009625028999835195,average_precision,0.8699462462982677
C,c2,random_forest,4,42,1600,400,0.29294987699995545,0.009625028999835195,roc_auc,0.9460810810810811
